name,school,circuit
"Colt, LeBaron Bradford","Yale College, A.B., 1868Columbia Law School, LL.B., 1870",First
"Putnam, William LeBaron","Bowdoin College, A.B., 1855Read law, 1858",First
"Lowell, Francis Cabot","Harvard University, A.B., 1876Harvard Law School, LL.B., 1879",First
"Schofield, William","Harvard Law School, LL.B., 1883",First
"Dodge, Frederic","Harvard College, B.A., 1867Harvard Law School, LL.B., 1869",First
"Bingham, George Hutchins","Dartmouth College, A.B., 1887Harvard Law School, LL.B., 1891",First
"Johnson, Charles Fletcher","Bowdoin College, A.B., 1879Read law, 1886",First
"Anderson, George Weston","Williams College, A.B., 1886Boston University School of Law, LL.B., 1890",First
"Wilson, Scott","University of PennsylvaniaBates College, A.B., 1892Read law, 1895",First
"Morton, James Madison, Jr.","Harvard College, A.B., 1891Harvard College, A.M., 1894Harvard Law School, LL.B., 1894",First
"Magruder, Calvert","St. John's College, Annapolis, Maryland, A.B., 1913Harvard Law School, LL.B., 1916St. John's College, Annapolis, Maryland, A.M., 1917",First
"Mahoney, John Christopher","Brown University, A.B., 1905Harvard Law School, LL.B., 1908",First
"Woodbury, Peter","Columbia Law SchoolHarvard University, B.S., 1924Harvard Law School, LL.B., 1927",First
"Hartigan, John Patrick","Harvard UniversityBrown University, A.B., 1910Columbia University, A.M., 1913Columbia Law School, LL.B., 1913",First
"Aldrich, Bailey","Harvard University, A.B., 1928Harvard Law School, LL.B., 1932",First
"McEntee, Edward Matthew","College of the Holy Cross, A.B., 1928Boston University School of Law, LL.B., 1933",First
"Coffin, Frank Morey","Bates College, A.B., 1940Harvard Business School, I.A., 1943Harvard Law School, LL.B., 1947",First
"Campbell, Levin Hicks","Harvard College, A.B., 1948Harvard Law School, LL.B., 1951",First
"Bownes, Hugh Henry","Columbia University, B.A., 1941Columbia Law School, LL.B., 1948",First
"Breyer, Stephen Gerald","Stanford University, A.B., 1959University of Oxford, B.A., 1961Harvard Law School, LL.B., 1964",First
"Torruella, Juan R.","University of Pennsylvania, Wharton School, B.S., 1954Boston University School of Law, J.D., 1957University of Virginia School of Law, LL.M., 1984University of Puerto Rico School of Public Administration, M.P.A., 1984",First
"Selya, Bruce Marshall","Harvard University, A.B., 1955Harvard Law School, LL.B., 1958",First
"Cyr, Conrad Keefe","College of the Holy Cross, B.S., 1953Yale Law School, J.D., 1956",First
"Souter, David Hackett","Harvard College, B.A., 1961University of Oxford, Magdalen College, B.A., 1963University of Oxford, Magdalen College, M.A., 1963Harvard Law School, LL.B., 1966",First
"Boudin, Michael","Harvard University, B.A., 1961Harvard Law School, LL.B., 1964",First
"Stahl, Norman H.","Tufts College, B.A., 1952Harvard Law School, LL.B., 1955",First
"Lynch, Sandra Lea","Wellesley College, A.B., 1968Boston University School of Law, J.D., 1971",First
"Lipez, Kermit Victor","Haverford College, B.A., 1963Yale Law School, LL.B., 1967University of Virginia School of Law, LL.M., 1990",First
"Howard, Jeffrey R.","Plymouth State College, B.A., 1978Georgetown University Law Center, J.D., 1981",First
"Thompson, Ojetta Rogeriee","Brown University, A.B., 1973Boston University School of Law, J.D., 1976",First
"Kayatta, William Joseph, Jr.","Amherst College, B.A., 1976Harvard Law School, J.D., 1979",First
"Barron, David Jeremiah","Harvard College, B.A., 1989Harvard Law School, J.D., 1994",First
"Gelpí, Gustavo Antonio, Jr.","Brandeis University, B.A., 1987Suffolk University Law School, J.D., 1991",First
"Wallace, William James","Syracuse UniversityHamilton College Law Department, LL.B., 1857Read law, 1858",Second
"Lacombe, Emile Henry","Columbia College, A.B., 1863Columbia Law School, LL.B., 1865",Second
"Shipman, Nathaniel","Yale Law SchoolYale College, 1848Read law, 1850",Second
"Townsend, William Kneeland","Yale College, A.B., 1871Yale Law School, LL.B., 1874Yale Law School, D.C.L., 1880",Second
"Coxe, Alfred Conkling, Sr.","Read law, 1868",Second
"Ward, Henry Galbraith","University of Pennsylvania, B.A., 1870University of Pennsylvania, M.A., 1870Read law, 1873",Second
"Noyes, Walter Chadwick","Cornell UniversityRead law, 1886",Second
"Knapp, Martin Augustine","Wesleyan University, B.A., 1868Read law, 1869",Second
"Rogers, Henry Wade","University of Michigan, B.A., 1874Read law, 1877University of Michigan, M.A., 1877",Second
"Hough, Charles Merrill","Dartmouth College, A.B., 1879Read law, 1883",Second
"Manton, Martin Thomas","Columbia Law School, LL.B., 1901",Second
"Mayer, Julius Marshuetz","City College of New York, A.B., 1884Columbia Law School, LL.B., 1886",Second
"Hand, Learned","Harvard College, A.B., 1893Harvard College, A.M., 1893Harvard Law School, LL.B., 1896",Second
"Swan, Thomas Walter","Yale University, A.B., 1900Harvard Law School, LL.B., 1903",Second
"Hand, Augustus Noble","Harvard College, A.B., 1890Harvard Law School, LL.B., 1894",Second
"Chase, Harrie Brigham","Dartmouth College, A.B., 1909Boston University School of Law, LL.B., 1912",Second
"Mack, Julian William","Harvard Law School, LL.B., 1887",Second
"Clark, Charles Edward","Yale College, B.A., 1911Yale Law School, LL.B., 1913",Second
"Patterson, Robert Porter, Sr.","Union College, A.B., 1912Harvard Law School, LL.B., 1915",Second
"Frank, Jerome New","University of Chicago, Ph.B., 1909University of Chicago Law School, J.D., 1912",Second
"Medina, Harold Raymond","Princeton University, A.B., 1909Columbia Law School, LL.B., 1912",Second
"Hincks, Carroll Clark","Yale University, A.B., 1911Yale Law School, LL.B., 1914",Second
"Harlan, John Marshall","University of Oxford, Balliol College, Rhodes ScholarPrinceton University, A.B., 1920New York Law School, LL.B., 1924",Second
"Lumbard, Joseph Edward","Fordham University School of LawHarvard University, A.B., 1922Harvard Law School, LL.B., 1925",Second
"Waterman, Sterry Robinson","Dartmouth College, A.B., 1922Read law, 1926",Second
"Moore, Leonard Page","Amherst College, A.B., 1919Columbia Law School, LL.B., 1922",Second
"Friendly, Henry Jacob","Harvard College, A.B., 1923Harvard Law School, LL.B., 1927",Second
"Smith, John Joseph","Yale College, B.A., 1925Yale Law School, LL.B., 1927",Second
"Kaufman, Irving Robert","Fordham University School of Law, LL.B., 1931",Second
"Hays, Paul Raymond","Columbia University, A.B., 1924Columbia University, M.A., 1927Columbia Law School, LL.B., 1933",Second
"Marshall, Thurgood","Lincoln University, Pennsylvania, A.B., 1930Howard University School of Law, LL.B., 1933",Second
"Anderson, Robert Palmer","Yale College, B.A., 1927Yale Law School, LL.B., 1929",Second
"Feinberg, Wilfred","Columbia College, B.A., 1940Columbia Law School, LL.B., 1946",Second
"Mansfield, Walter Roe","Harvard College, A.B., 1932Harvard Law School, LL.B., 1935",Second
"Oakes, James Lowell","Harvard University, A.B., 1945Harvard Law School, LL.B., 1947",Second
"Mulligan, William Hughes","Fordham University, A.B., 1939Fordham University School of Law, J.D., 1942",Second
"Timbers, William Homer","Dartmouth College, A.B., 1937Yale Law School, LL.B., 1940",Second
"Gurfein, Murray Irwin","Columbia College, A.B., 1926Harvard Law School, LL.B., 1930",Second
"Van Graafeiland, Ellsworth Alfred","University of Rochester, A.B., 1937Cornell Law School, LL.B., 1940",Second
"Meskill, Thomas Joseph","New York University School of LawTrinity College, Hartford, Connecticut, B.S., 1950University of Connecticut School of Law, J.D., 1956",Second
"Newman, Jon Ormond","Princeton University, A.B., 1953Yale Law School, LL.B., 1956",Second
"Kearse, Amalya Lyle","Wellesley College, B.A., 1959University of Michigan Law School, J.D., 1962",Second
"Cardamone, Richard J.","Harvard University, B.A., 1948Syracuse University College of Law, LL.B., 1952",Second
"Pierce, Lawrence Warren","St. Joseph's College (now St. Joseph's University), B.S., 1948Fordham University School of Law, LL.B., 1951",Second
"Winter, Ralph K., Jr.","Yale University, B.A., 1957Yale Law School, LL.B., 1960",Second
"Pratt, George Cheney","Yale University, B.A., 1950Yale Law School, J.D., 1953",Second
"Miner, Roger Jeffrey","New York Law School, LL.B., 1956State University of New York at Albany, B.S., 1977",Second
"Altimari, Frank X.","St. Francis College, 1948Brooklyn Law School, LL.B., 1951",Second
"Mahoney, John Daniel","St. Bonaventure University, B.A., 1952Columbia Law School, LL.B., 1955",Second
"Walker, John Mercer, Jr.","Yale University, B.A., 1962University of Michigan Law School, J.D., 1966",Second
"McLaughlin, Joseph Michael","Fordham College, A.B., 1954Fordham University School of Law, LL.B., 1959New York University School of Law, LL.M., 1964",Second
"Jacobs, Dennis G.","Queens College, City University of New York, B.A., 1964New York University, M.A., 1965New York University School of Law, J.D., 1973",Second
"Leval, Pierre Nelson","Harvard College, A.B., 1959Harvard Law School, J.D., 1963",Second
"Calabresi, Guido","Yale University, B.S., 1953University of Oxford, Magdalen College, B.A., 1955Yale Law School, LL.B., 1958",Second
"Cabranes, José Alberto","Columbia University, A.B., 1961Yale Law School, J.D., 1965University of Cambridge, Queens' College, M.Litt., 1967",Second
"Parker, Fred I.","University of Massachusetts, B.A., 1962Georgetown College (now Georgetown University) Law Center, J.D., 1965",Second
"Straub, Chester J.","St. Peter's College, B.A., 1958University of Virginia School of Law, LL.B., 1961",Second
"Pooler, Rosemary S.","Brooklyn College, B.A., 1959University of Connecticut, M.A., 1961University of Michigan Law School, J.D., 1965Harvard University, Program for Senior Managers in Government, 1978State University of New York at Albany, Certificate in Regulatory Economics, 1985",Second
"Sack, Robert David","University of Rochester, B.A., 1960Columbia Law School, LL.B., 1963",Second
"Sotomayor, Sonia","Princeton University, B.A., 1976Yale Law School, J.D., 1979",Second
"Katzmann, Robert A.","Columbia College, A.B., 1973Harvard University, A.M., 1976Harvard University, Ph.D., 1978Yale Law School, J.D., 1980",Second
"Parker, Barrington Daniels, Jr.","Yale College, B.A., 1965Yale Law School, LL.B., 1969",Second
"Raggi, Reena","Wellesley College, B.A., 1973Harvard Law School, J.D., 1976",Second
"Wesley, Richard C.","State University of New York at Albany, B.A., 1971Cornell Law School, J.D., 1974",Second
"Hall, Peter W.","University of North Carolina, B.A., 1971University of North Carolina, M.A., 1974Cornell Law School, J.D., 1977",Second
"Livingston, Debra Ann","Princeton University, B.A., 1980Harvard Law School, J.D., 1984",Second
"Lynch, Gerard E.","Columbia College, B.A., 1972Columbia Law School, J.D., 1975",Second
"Chin, Denny","Princeton University, B.A., 1975Fordham University School of Law, J.D., 1978",Second
"Lohier, Raymond Joseph, Jr.","Harvard College, A.B., 1988New York University School of Law, J.D., 1991",Second
"Carney, Susan Laura","Harvard University, A.B., 1973Harvard Law School, J.D., 1977",Second
"Droney, Christopher Fitzgerald","College of the Holy Cross, B.A., 1976University of Connecticut School of Law, J.D., 1979",Second
"Sullivan, Richard Joseph","College of William and Mary, B.A., 1986Yale Law School, J.D., 1990",Second
"Bianco, Joseph Frank","Georgetown University, B.A., 1988Columbia Law School, J.D., 1991Seminary of the Immaculate Conception, M.A., 2013",Second
"Park, Michael Hun","Princeton University, A.B., 1998Yale Law School, J.D., 2001",Second
"Nardini, William Joseph","Georgetown University, A.B., 1990Yale Law School, J.D., 1994European University Institute, LL.M., 1998",Second
"Menashi, Steven James","Dartmouth College, A.B., 2001Stanford Law School, J.D., 2008",Second
"Lee, Eunice Cheryl","Ohio State University, B.A., 1993Yale Law School, J.D., 1996",Second
"Robinson, Beth","Dartmouth College, B.A., 1986University of Chicago Law School, J.D., 1989",Second
"Pérez, Myrna","Yale College, B.A., 1996Harvard University, Kennedy School of Government, M.P.P., 1998Columbia Law School, J.D., 2003",Second
"Acheson, Marcus Wilson","Washington College (now Washington and Jefferson College), B.A., 1845Read law, 1852",Third
"Dallas, George Mifflin","Read law, 1859",Third
"Gray, George","Harvard Law SchoolCollege of New Jersey (now Princeton University), A.B., 1859Read law, 1863College of New Jersey (now Princeton University), A.M., 1863",Third
"Buffington, Joseph","Trinity College, Hartford, Connecticut, A.B., 1875Read law, 1878",Third
"Lanning, William Mershon","Read law, 1880",Third
"Archbald, Robert Wodrow","Yale College, A.B., 1871Read law, 1873",Third
"McPherson, John Bayard","College of New Jersey (now Princeton University), A.B., 1866College of New Jersey (now Princeton University), A.M., 1869Read law, 1870",Third
"Woolley, Victor Baynard","Harvard Law SchoolDelaware College (now University of Delaware), B.S., 1885Read law, 1890",Third
"Haight, Thomas Griffith","Princeton UniversityNew York Law School, LL.B., 1900",Third
"Davis, John Warren","Bucknell University, B.A., 1896Crozer Theological Seminary, B.D., 1899University of Pennsylvania Law School (now Carey Law School), LL.B., 1906",Third
"Thompson, Joseph Whitaker","University of Pennsylvania Law School (now Carey Law School), LL.B., 1887",Third
"Biggs, John, Jr.","Princeton University, Litt.B., 1918Harvard Law School, LL.B., 1922",Third
"Maris, Albert Branson","Temple University School of Law (now James E. Beasley School of Law), LL.B., 1918Drexel Institute of Art, Science and Industry, 1926",Third
"Clark, William","Harvard University, B.A., 1911Harvard University, M.A., 1912Harvard Law School, LL.B., 1915",Third
"Biddle, Francis","Harvard University, B.A., 1909Harvard Law School, LL.B., 1911",Third
"Jones, Charles Alvin","Dickinson School of Law (now Penn State Dickinson Law), LL.B.",Third
"Goodrich, Herbert Funk","Carleton College, A.B., 1911Harvard Law School, LL.B., 1914",Third
"McLaughlin, Gerald","Fordham College, A.B., 1914Fordham University School of Law, LL.B., 1917",Third
"O'Connell, John Joseph","Duquesne University, B.S., 1928Duquesne University School of Law, LL.B., 1931",Third
"Kalodner, Harry Ellis","University of Pennsylvania Law School (now Carey Law School), LL.B., 1917",Third
"Hastie, William Henry","Amherst College, A.B., 1925Harvard Law School, LL.B., 1930Harvard Law School, S.J.D., 1933",Third
"Staley, Austin Leander","Duquesne University School of Law, LL.B., 1928",Third
"Forman, Phillip","Temple University School of Law (now James E. Beasley School of Law), LL.B., 1919",Third
"Ganey, James Cullen","Lehigh University, LL.B., 1920Harvard Law School, LL.B., 1923",Third
"Smith, William Francis","Columbia University, Ph.G., 1922New Jersey Law School (now Rutgers School of Law -- Newark), LL.B., 1929",Third
"Freedman, Abraham Lincoln","Temple University School of Law (now James E. Beasley School of Law), LL.B., 1926",Third
"Seitz, Collins Jacques","University of Delaware, A.B., 1937University of Virginia School of Law, LL.B., 1940",Third
"Van Dusen, Francis Lund","Princeton University, A.B., 1934Harvard Law School, LL.B., 1937",Third
"Aldisert, Ruggero John","University of Pittsburgh, B.A., 1941University of Pittsburgh School of Law, J.D., 1947",Third
"Stahl, David Henry","University of Pittsburgh, A.B., 1942University of Pittsburgh School of Law, LL.B., 1949",Third
"Adams, Arlin Marvin","Temple University, B.S., 1941University of Pennsylvania Law School (now Carey Law School), LL.B., 1947Temple University, M.A., 1950",Third
"Gibbons, John Joseph","College of the Holy Cross, B.S., 1947Harvard Law School, LL.B., 1950",Third
"Rosenn, Max","Cornell University, B.A., 1929University of Pennsylvania Law School (now Carey Law School), LL.B., 1932",Third
"Rosen, James","New Jersey Law School (now Rutgers School of Law -- Newark), LL.B., 1930",Third
"Hunter, James III","Temple University, B.A., 1936University of Pennsylvania Law School (now Carey Law School), LL.B., 1939",Third
"Weis, Joseph Francis, Jr.","Duquesne University, B.A., 1947University of Pittsburgh School of Law, J.D., 1950",Third
"Garth, Leonard I.","Columbia University, B.A., 1942Harvard Law School, LL.B., 1952",Third
"Higginbotham, Aloyisus Leon, Jr.","Antioch College, B.A., 1949Yale Law School, LL.B., 1952",Third
"Sloviter, Dolores Korman","Temple University, A.B., 1953University of Pennsylvania Law School (now Carey Law School), LL.B., 1956",Third
"Becker, Edward Roy","University of Pennsylvania, B.A., 1954Yale Law School, LL.B., 1957",Third
"Mansmann, Carol Los","Duquesne University, B.A., 1964Duquesne University School of Law, J.D., 1967",Third
"Stapleton, Walter King","Princeton University, A.B., 1956Harvard Law School, LL.B., 1959University of Virginia School of Law, LL.M., 1984",Third
"Greenberg, Morton Ira","University of Pennsylvania, B.A., 1954Yale Law School, LL.B., 1957",Third
"Scirica, Anthony Joseph","Wesleyan University, B.A., 1962University of Michigan Law School, J.D., 1965",Third
"Hutchinson, William D.","Moravian College, B.A., 1954Harvard Law School, J.D., 1957",Third
"Cowen, Robert E.","Drake University, B.S., 1952Rutgers School of Law -- Newark, LL.B., 1958",Third
"Nygaard, Richard Lowell","University of Southern California, B.S., 1969University of Michigan Law School, J.D., 1971",Third
"Alito, Samuel A., Jr.","Princeton University, A.B., 1972Yale Law School, J.D., 1975",Third
"Roth, Jane Richards","Smith College, B.A., 1956Harvard Law School, LL.B., 1965",Third
"Lewis, Timothy K.","Tufts University, B.A., 1976Duquesne University School of Law, J.D., 1980",Third
"McKee, Theodore Alexander","State University of New York at Cortland, B.A., 1969Syracuse University College of Law, J.D., 1975",Third
"Sarokin, H. Lee","Dartmouth College, A.B., 1950Harvard Law School, LL.B., 1953",Third
"Rendell, Marjorie O.","University of Pennsylvania, B.A., 1969Villanova University School of Law, J.D., 1973",Third
"Barry, Maryanne Trump","Mount Holyoke College, B.A., 1958Columbia University, M.A., 1962Hofstra University School of Law, J.D., 1974",Third
"Ambro, Thomas L.","Georgetown University, B.A., 1971Georgetown University Law Center, J.D., 1975",Third
"Fuentes, Julio M.","Southern Illinois University, B.A., 1971New York University, M.A., 1972State University of New York at Buffalo Law School, J.D., 1975Rutgers University, M.A., 1993",Third
"Smith, D[avid] Brooks","Franklin and Marshall College, B.A., 1973Dickinson School of Law (now Penn State Dickinson Law), J.D., 1976",Third
"Chertoff, Michael","Harvard College, A.B., 1975Harvard Law School, J.D., 1978",Third
"Fisher, D. Michael","Georgetown University, A.B., 1966Georgetown University Law Center, J.D., 1969",Third
"Van Antwerpen, Franklin Stuart","University of Maine, B.S., 1964Temple University School of Law (now James E. Beasley School of Law), J.D., 1967",Third
"Chagares, Michael A.","Gettysburg College, B.A., 1984Seton Hall University School of Law, J.D., 1987",Third
"Jordan, Kent A.","Brigham Young University, B.A., 1981Georgetown University Law Center, J.D., 1984",Third
"Hardiman, Thomas Michael","University of Notre Dame, B.A., 1987Georgetown University Law Center, J.D., 1990",Third
"Greenaway, Joseph A., Jr.","Columbia College, B.A., 1978Harvard Law School, J.D., 1981",Third
"Vanaskie, Thomas Ignatius","Lycoming College, B.A., 1975Dickinson School of Law (now Penn State Dickinson Law), J.D., 1978",Third
"Shwartz, Patty","Rutgers University, B.A., 1983University of Pennsylvania Law School (now Carey Law School), J.D., 1986",Third
"Krause, Cheryl Ann","University of Pennsylvania, B.A., 1989Stanford Law School, J.D., 1993",Third
"Restrepo, Luis Felipe","University of Pennsylvania, B.A., 1981Tulane University Law School, J.D., 1986",Third
"Bibas, Stephanos","Columbia University, B.A., 1989University of Oxford, University College, B.A., 1991Yale Law School, J.D., 1994Temple Bar Scholar, American Inns of Court, 1998",Third
"Porter, David James","Grove City College, B.A., 1988George Mason University School of Law (now Antonin Scalia Law School), J.D., 1992",Third
"Matey, Paul Brian","University of Scranton, B.A., 1993Seton Hall University School of Law, J.D., 2001",Third
"Phipps, Peter Joseph","University of Dayton, B.A., B.S., 1995Stanford Law School, J.D., 1998",Third
"Bond, Hugh Lennox","New York University, 1848Read law, 1851",Fourth
"Goff, Nathan","New York University School of Law, LL.B., 1866",Fourth
"Simonton, Charles Henry","South Carolina College (now University of South Carolina), 1849Read law, 1851",Fourth
"Pritchard, Jeter Connelly","Read law, 1889",Fourth
"Woods, Charles Albert","Wofford College, A.B., 1872Read law, 1873",Fourth
"Knapp, Martin Augustine","Wesleyan University, B.A., 1868Read law, 1869",Fourth
"Waddill, Edmund, Jr.","University of VirginiaRead law, 1877",Fourth
"Rose, John Carter","University of Maryland School of Law (now Francis King Carey School of Law), LL.B., 1882",Fourth
"Parker, John Johnston","University of North Carolina, B.A., 1907University of North Carolina School of Law, LL.B., 1908",Fourth
"Northcott, Elliott","University of Michigan Law SchoolRead law, 1891",Fourth
"Soper, Morris Ames","Johns Hopkins University, A.B., 1893University of Maryland School of Law (now Francis King Carey School of Law), LL.B., 1895",Fourth
"Dobie, Armistead Mason","University of Virginia, B.A., 1901University of Virginia, M.A., 1902University of Virginia School of Law, LL.B., 1904",Fourth
"Sobeloff, Simon E.","University of Maryland School of Law (now Francis King Carey School of Law), LL.B., 1915",Fourth
"Haynsworth, Clement Furman, Jr.","Furman University, A.B., 1933Harvard Law School, LL.B., 1936",Fourth
"Boreman, Herbert Stephenson","West Virginia University College of Law, LL.B., 1920",Fourth
"Bryan, Albert Vickers","University of Virginia School of Law, LL.B., 1921",Fourth
"Bell, J. Spencer","Harvard Law SchoolDuke University, B.A., 1927University of North Carolina School of Law, LL.B., 1930",Fourth
"Winter, Harrison Lee","Johns Hopkins University, A.B., 1942University of Maryland School of Law (now Francis King Carey School of Law), LL.B., 1944",Fourth
"Craven, James Braxton, Jr.","Duke University, A.B., 1939Harvard Law School, LL.B., 1942",Fourth
"Butzner, John Decker, Jr.","University of Scranton, B.A., 1938University of Virginia School of Law, LL.B., 1941",Fourth
"Russell, Donald Stuart","University of South Carolina, A.B., 1925University of South Carolina School of Law, LL.B., 1928",Fourth
"Field, John A., Jr.","Hampden-Sydney College, A.B., 1932University of Virginia School of Law, LL.B., 1935",Fourth
"Widener, Hiram Emory, Jr.","U.S. Naval Academy, B.S., 1944Washington and Lee University School of Law, LL.B., 1953",Fourth
"Hall, Kenneth Keller","West Virginia University College of Law, J.D., 1948",Fourth
"Phillips, James Dickson, Jr.","Davidson College, B.S., 1943University of North Carolina School of Law, J.D., 1948",Fourth
"Murnaghan, Francis Dominic, Jr.","Johns Hopkins University, A.B., 1941Harvard Law School, LL.B., 1948",Fourth
"Sprouse, James Marshall","St. Bonaventure University, A.B., 1947Columbia Law School, LL.B., 1949",Fourth
"Ervin, Samuel James III","Davidson College, B.S., 1948Harvard Law School, LL.B., 1951",Fourth
"Chapman, Robert Foster","University of South Carolina, B.S., 1945University of South Carolina School of Law, LL.B., 1949",Fourth
"Wilkinson, James Harvie III","Yale University, B.A., 1967University of Virginia School of Law, J.D., 1972",Fourth
"Sneeden, Emory Marlin","Wake Forest College, B.S., 1949Wake Forest College School of Law, LL.B., 1953",Fourth
"Wilkins, William Walter","Davidson College, B.A., 1964University of South Carolina School of Law, J.D., 1967",Fourth
"Niemeyer, Paul Victor","Kenyon College, A.B., 1962Notre Dame Law School, J.D., 1966",Fourth
"Hamilton, Clyde H.","Wofford College, B.S., 1956George Washington University Law School, J.D., 1961",Fourth
"Luttig, J. Michael","Washington and Lee University, B.A., 1976University of Virginia School of Law, J.D., 1981",Fourth
"Williams, Karen J.","Columbia College, B.A., 1972University of South Carolina School of Law, J.D., 1980",Fourth
"Michael, M. Blane","West Virginia University, A.B., 1965New York University School of Law, J.D., 1968",Fourth
"Motz, Diana Jane Gribbon","Vassar College, B.A., 1965University of Virginia School of Law, J.D., 1968",Fourth
"Traxler, William Byrd, Jr.","Davidson College, B.A., 1970University of South Carolina School of Law, J.D., 1973",Fourth
"King, Robert Bruce","West Virginia University, B.A., 1961West Virginia University College of Law, J.D., 1968",Fourth
"Gregory, Roger L.","Virginia State College, B.A., 1975University of Michigan Law School, J.D., 1978",Fourth
"Shedd, Dennis W.","Wofford College, B.A., 1975University of South Carolina School of Law, J.D., 1978Georgetown University Law Center, LL.M., 1980",Fourth
"Duncan, Allyson Kay","Hampton University, B.A., 1972Duke University School of Law, J.D., 1975",Fourth
"Agee, G. Steven","Bridgewater College, B.A., 1974University of Virginia School of Law, J.D., 1977New York University School of Law, LL.M., 1978",Fourth
"Davis, Andre Maurice","University of Pennsylvania, B.A., 1971University of Maryland School of Law (now Francis King Carey School of Law), J.D., 1978",Fourth
"Keenan, Barbara Milano","Cornell University, B.A., 1971George Washington University Law School, J.D., 1974University of Virginia School of Law, LL.M., 1992",Fourth
"Wynn, James Andrew, Jr.","University of North Carolina, B.A., 1975Marquette University Law School, J.D., 1979University of Virginia School of Law, LL.M., 1995",Fourth
"Diaz, Albert","University of Pennsylvania, Wharton School, B.S., 1983New York University School of Law, J.D., 1988Boston University, M.S., 1993",Fourth
"Floyd, Henry Franklin","Wofford College, B.A., 1970University of South Carolina School of Law, J.D., 1973",Fourth
"Thacker, Stephanie Dawn","Marshall University, B.A., 1987West Virginia University College of Law, J.D., 1990",Fourth
"Harris, Pamela Ann","Yale College, B.A., 1985Yale Law School, J.D., 1990",Fourth
"Richardson, Julius Ness","Vanderbilt University, B.S., 1999University of Chicago Law School, J.D., 2003",Fourth
"Quattlebaum, A. Marvin, Jr.","Rhodes College, B.A., 1986University of South Carolina School of Law, J.D., 1989",Fourth
"Rushing, Allison Jones","Wake Forest University, B.A., 2004Duke University School of Law, J.D., 2007",Fourth
"Heytens, Toby Jay","Macalester College, B.A., 1997University of Virginia School of Law, J.D., 2000",Fourth
"Pardee, Don Albert","Read law, 1859",Fifth
"McCormick, Andrew Phelps","Centre College, A.B., 1854Read law, 1855",Fifth
"Shelby, David Davie","Cumberland UniversityRead law, 1870",Fifth
"Walker, Richard Wilde","Columbia Law SchoolWashington and Lee UniversityCollege of New Jersey (now Princeton University), A.B., 1877Read law, 1878",Fifth
"Batts, Robert Lynn","University of Texas School of Law, LL.B., 1886",Fifth
"Bryan, Nathan Philemon","Emory College, A.B., 1893Washington and Lee University School of Law, LL.B., 1895",Fifth
"King, Alexander Campbell","Read law, 1875",Fifth
"Foster, Rufus Edward","Tulane University Law School, LL.B., 1895",Fifth
"Sibley, Samuel Hale","University of Georgia, A.B., 1892University of Georgia School of Law, LL.B., 1893",Fifth
"Hutcheson, Joseph Chappell, Jr.","University of Texas School of Law, LL.B., 1900",Fifth
"Holmes, Edwin Ruthven","University of Texas School of Law, LL.B.Millsaps College, 1896University of Mississippi, 1899",Fifth
"McCord, Leon Clarence","Vanderbilt UniversityRead law, 1900",Fifth
"Waller, Curtis Longino","Mississippi College, Ph.B., 1908Millsaps College, LL.B., 1910",Fifth
"Lee, Elmo Pearce","Louisiana State University Law School, LL.B., 1911",Fifth
"Russell, Robert Lee","Read law, 1920",Fifth
"Borah, Wayne G.","Louisiana State University Law School, LL.B., 1915",Fifth
"Strum, Louie Willard","Stetson University College of Law, LL.B., 1912",Fifth
"Rives, Richard Taylor","Read law, 1914",Fifth
"Tuttle, Elbert Parr","Cornell University, A.B., 1918Cornell University Department of Law, LL.B., 1923",Fifth
"Cameron, Benjamin Franklin","University of the South, A.B., 1911Cumberland School of Law, LL.B., 1914",Fifth
"Jones, Warren Leroy","University of Denver College of Law (now Sturm College of Law), LL.B., 1924",Fifth
"Brown, John Robert","University of Nebraska, A.B., 1930University of Michigan Law School, J.D., 1932",Fifth
"Wisdom, John Minor","Washington and Lee University, A.B., 1925Tulane University Law School, LL.B., 1929",Fifth
"Bell, Griffin Boyette","Mercer University School of Law, LL.B., 1948",Fifth
"Gewin, Walter Pettus","Birmingham-Southern College, A.B., 1930Emory University, B.L.S., 1932University of Alabama School of Law, LL.B., 1935",Fifth
"Thornberry, William Homer","University of Texas, B.B.A., 1932University of Texas School of Law, LL.B., 1936",Fifth
"Coleman, James Plemon","George Washington University Law School, LL.B., 1939",Fifth
"Goldberg, Irving Loeb","University of Texas, B.A., 1926Harvard Law School, LL.B., 1929",Fifth
"Ainsworth, Robert Andrew, Jr.","Loyola University New Orleans School of Law, LL.B., 1932",Fifth
"Godbold, John Cooper","Alabama Polytechnic Institute (now Auburn University), B.S., 1940Harvard Law School, J.D., 1948",Fifth
"Dyer, David William","Stetson University College of Law, LL.B., 1933",Fifth
"Simpson, John Milton Bryan","University of Florida College of Law (now Fredric G. Levin College of Law), LL.B., 1926",Fifth
"Clayton, Claude Feemster","University of Mississippi School of Law, LL.B., 1931",Fifth
"Morgan, Lewis Render","University of Georgia School of Law, LL.B., 1935",Fifth
"Carswell, George Harrold","U.S. Naval AcademyUniversity of Georgia School of LawDuke University, A.B., 1941Mercer University School of Law, LL.B., 1948",Fifth
"Clark, Charles","University of Mississippi School of Law, LL.B., 1948",Fifth
"Ingraham, Joe McDonald","National University School of Law (now George Washington University Law School), LL.B., 1927",Fifth
"Roney, Paul Hitch","St. Petersburg Junior College, A.A., 1940University of Pennsylvania, Wharton School, B.S., 1942Harvard Law School, LL.B., 1948University of Virginia School of Law, LL.M., 1984",Fifth
"Gee, Thomas Gibbs","U.S. Military Academy, B.S., 1946University of Texas School of Law, LL.B., 1953",Fifth
"Tjoflat, Gerald Bard","Duke University School of Law, LL.B., 1957",Fifth
"Hill, James Clinkscales","University of South Carolina, B.Sc., 1948Emory University School of Law, J.D., 1948",Fifth
"Fay, Peter Thorp","Rollins College, B.A., 1951University of Florida College of Law (now Fredric G. Levin College of Law), J.D., 1956",Fifth
"Rubin, Alvin Benjamin","Louisiana State University, B.S., 1941Louisiana State University Law School, LL.B., 1942",Fifth
"Vance, Robert Smith","University of Alabama, B.S., 1950University of Alabama School of Law, J.D., 1952George Washington University Law School, LL.M., 1955",Fifth
"Kravitch, Phyllis A.","Goucher College, B.A., 1941University of Pennsylvania Law School (now Carey Law School), LL.B., 1943",Fifth
"Johnson, Frank Minis, Jr.","University of Alabama School of Law, LL.B., 1943",Fifth
"Politz, Henry Anthony","Louisiana State University, B.A., 1958Louisiana State University Law School, J.D., 1959",Fifth
"Garza, Reynaldo Guerra","Brownsville Junior College (now Texas Southmost College), A.A., 1935University of Texas, B.A., 1937University of Texas School of Law, LL.B., 1939",Fifth
"Reavley, Thomas Morrow","University of Texas, B.A., 1942Harvard Law School, J.D., 1948University of Virginia School of Law, LL.M., 1983",Fifth
"Hatchett, Joseph Woodrow","Florida A&M University, B.A., 1954Howard University School of Law, J.D., 1959",Fifth
"Anderson, R[obert] Lanier III","Yale College, A.B., 1958Harvard Law School, LL.B., 1961",Fifth
"Henderson, Albert John","Mercer University School of Law, LL.B., 1947",Fifth
"King, Carolyn Dineen","Smith College, B.A., 1959Yale Law School, LL.B., 1962",Fifth
"Tate, Albert, Jr.","George Washington University, B.A., 1941Yale Law School, LL.B., 1947",Fifth
"Johnson, Samuel D., Jr.","Baylor University, B.B.A., 1946University of Texas School of Law, LL.B., 1949",Fifth
"Clark, Thomas Alonzo","Washington and Lee University, B.S., 1942University of Georgia School of Law, LL.B., 1949",Fifth
"Williams, Jerre Stockton","University of Denver, A.B., 1938Columbia Law School, J.D., 1941",Fifth
"Garwood, William Lockhart","Princeton University, B.A., 1952University of Texas School of Law, LL.B., 1955",Fifth
"Higginbotham, Patrick Errol","University of Alabama, B.A., 1960University of Alabama School of Law, LL.B., 1961",Fifth
"Jolly, E. Grady","University of Mississippi, B.A., 1959University of Mississippi School of Law, LL.B., 1962",Fifth
"Davis, W. Eugene","Tulane University Law School, J.D., 1960",Fifth
"Hill, Robert Madden","University of Texas, B.B.A., 1948University of Texas School of Law, LL.B., 1950",Fifth
"Jones, Edith Hollan","Cornell University, B.A., 1971University of Texas School of Law, J.D., 1974",Fifth
"Smith, Jerry Edwin","Yale University, B.A., 1969Yale Law School, J.D., 1972",Fifth
"Duhe, John Malcolm, Jr.","Tulane University, B.S., 1955Tulane University Law School, LL.B., 1957",Fifth
"Barksdale, Rhesa Hawkins","U.S. Military Academy, B.S., 1966University of Mississippi School of Law, J.D., 1972",Fifth
"Wiener, Jacques Loeb, Jr.","Tulane University, B.A., 1956Tulane University Law School, J.D., 1961",Fifth
"Garza, Emilio M.","University of Notre Dame, B.A., 1969University of Notre Dame, M.A., 1970University of Texas School of Law, J.D., 1976",Fifth
"DeMoss, Harold R., Jr.","Rice Institute (now Rice University), B.A., 1952University of Texas School of Law, LL.B., 1955",Fifth
"Stewart, Carl E.","Dillard University, B.A., 1971Loyola University New Orleans School of Law, J.D., 1974",Fifth
"Benavides, Fortunato Pedro","University of Houston, B.B.A., 1968University of Houston Law Center, J.D., 1972",Fifth
"Parker, Robert Manley","University of Texas, B.B.A., 1961University of Texas School of Law, LL.B., 1964",Fifth
"Dennis, James L.","Louisiana Tech University, B.A., 1959Louisiana State University Law School, J.D., 1962University of Virginia School of Law, LL.M., 1984",Fifth
"Clement, Edith Brown","University of Alabama, B.A., 1969Tulane University Law School, J.D., 1973",Fifth
"Prado, Edward Charles","San Antonio College, A.A., 1967University of Texas, B.A., 1969University of Texas School of Law, J.D., 1972",Fifth
"Pickering, Charles Willis, Sr.","Jones County Junior College, A.A., 1957University of Mississippi, B.A., 1959University of Mississippi School of Law, LL.B., 1961",Fifth
"Owen, Priscilla Richman","Baylor University, B.A., 1975Baylor University School of Law, J.D., 1977",Fifth
"Elrod, Jennifer Walker","Baylor University, B.A., 1988Harvard Law School, J.D., 1992",Fifth
"Southwick, Leslie","Rice University, B.A., 1972University of Texas School of Law, J.D., 1975",Fifth
"Haynes, Catharina","Florida Institute of Technology, B.S., 1983Emory University School of Law, J.D., 1986",Fifth
"Graves, James Earl, Jr.","Millsaps College, B.A., 1975Syracuse University College of Law, J.D., 1980Syracuse University, M.P.A., 1981",Fifth
"Higginson, Stephen Andrew","Harvard College, A.B., 1983Yale Law School, J.D., 1987University of Cambridge, M.Phil., 1992",Fifth
"Costa, Gregg Jeffrey","Dartmouth College, B.A., 1994University of Texas School of Law, J.D., 1999",Fifth
"Willett, Don R.","Baylor University, B.B.A., 1988Duke University School of Law, J.D., 1992Duke University, M.A., 1992Duke University School of Law, LL.M., 2016",Fifth
"Ho, James C.","Stanford University, B.A., 1995University of Chicago Law School, J.D., 1999",Fifth
"Duncan, Stuart Kyle","Louisiana State University, B.A., 1994Louisiana State University, Paul M. Hebert Law Center, J.D., 1997Columbia Law School, LL.M., 2004",Fifth
"Engelhardt, Kurt Damian","Louisiana State University, B.A., 1982Louisiana State University, Paul M. Hebert Law Center, J.D., 1985",Fifth
"Oldham, Andrew Stephen","University of Virginia, B.A., 2001University of Cambridge, M.Phil., 2002Harvard Law School, J.D., 2005Temple Bar Scholar, American Inns of Court, 2009",Fifth
"Wilson, Cory Todd","University of Mississippi, B.B.A., 1992Yale Law School, J.D., 1995",Fifth
"Jackson, Howell Edmunds","University of VirginiaWest Tennessee College (now Union University, Jackson, Tennessee), A.B., 1849Cumberland School of Law, LL.B., 1856",Sixth
"Taft, William Howard","Yale College, B.A., 1878Cincinnati Law School (now University of Cincinnati College of Law), LL.B., 1880",Sixth
"Lurton, Horace Harmon","Douglas University, Chicago, IllinoisCumberland School of Law, LL.B., 1867",Sixth
"Day, William Rufus","University of MichiganUniversity of Michigan, B.S., 1870Read law, 1871",Sixth
"Severens, Henry Franklin","Middlebury College, A.B., 1857Read law, 1859",Sixth
"Richards, John Kelvey","Swarthmore College, A.B., 1875Harvard University, A.B., 1877Read law, 1879",Sixth
"Warrington, John Wesley","Cincinnati Law School (now University of Cincinnati College of Law), LL.B., 1869",Sixth
"Knappen, Loyal Edwin","University of Michigan, B.A., 1873Read law, 1875University of Michigan, M.A., 1876",Sixth
"Denison, Arthur Carter","University of Michigan, B.A., 1883",Sixth
"Donahue, Maurice H.","Read law, 1885",Sixth
"Moorman, Charles Harwood","Read law, 1900",Sixth
"Hicks, Xenophon","U.S. Grant University (now Tennessee Wesleyan College), A.B., 1891Cumberland School of Law, LL.B., 1892",Sixth
"Hickenlooper, Smith","University of Cincinnati, B.A., 1901Harvard Law School, LL.B., 1904",Sixth
"Mack, Julian William","Harvard Law School, LL.B., 1887",Sixth
"Simons, Charles Casper","University of Michigan, B.L., 1898University of Michigan Law School, LL.B., 1900",Sixth
"Allen, Florence Ellinwood","Western Reserve University (now Case Western Reserve University), B.A., 1904Western Reserve University (now Case Western Reserve University), M.A., 1908New York University School of Law, LL.B., 1913",Sixth
"Hamilton, Elwood","University of Louisville Law Department (now Louis D. Brandeis School of Law), LL.B., 1904",Sixth
"Arant, Herschel Whitfield","University of Alabama, B.S., 1910Yale University, B.A., 1911Yale University, M.A., 1912Yale Law School, LL.B., 1915",Sixth
"Martin, John Donelson, Sr.","University of Virginia School of Law, LL.B., 1905",Sixth
"McAllister, Thomas Francis","University of Michigan Law School, A.B., 1918Read law, 1921",Sixth
"Miller, Shackelford, Jr.","Princeton University, A.B., 1914Harvard Law School, LL.B., 1917",Sixth
"Stewart, Potter","Yale University, B.A., 1937Yale Law School, LL.B., 1941",Sixth
"Cecil, Lester LeFevre","University of Michigan Law School, LL.B., 1917",Sixth
"Weick, Paul Charles","University of Cincinnati College of Law, LL.B., 1920",Sixth
"O'Sullivan, Clifford Patrick","Notre Dame Law School, LL.B., 1920",Sixth
"Phillips, Harry","Cumberland University, A.B., 1932Cumberland School of Law, LL.B., 1933",Sixth
"Edwards, George Clifton, Jr.","Southern Methodist University, B.A., 1933Harvard University, M.A., 1934Detroit College of Law (now Michigan State University College of Law), Certificate of Completion, 1944Detroit College of Law (now Michigan State University College of Law), J.D., 1949",Sixth
"Celebrezze, Anthony Joseph","Ohio Northern University, Warren G. Harding College of Law, LL.B., 1936",Sixth
"Peck, John Weld II","Miami University, Ohio, A.B., 1935University of Cincinnati College of Law, J.D., 1938",Sixth
"McCree, Wade Hampton, Jr.","Fisk University, A.B., 1941Harvard Law School, LL.B., 1944",Sixth
"Combs, Bertram Thomas","University of Kentucky College of Law, LL.B., 1937",Sixth
"Brooks, Henry Luesing","University of Wisconsin, A.B., 1927Jefferson School of Law (now University of Louisville Louis D. Brandeis School of Law), LL.B., 1929",Sixth
"Miller, William Ernest","University of Tennessee, A.B., 1930Yale Law School, LL.B., 1933",Sixth
"Kent, W. Wallace","Western State Teachers College (now Western Michigan University), B.A., 1937University of Michigan Law School, J.D., 1940",Sixth
"Lively, Pierce","Centre College, A.B., 1943University of Virginia School of Law, LL.B., 1948",Sixth
"Engel, Albert Joseph","University of Michigan, A.B., 1948University of Michigan Law School, LL.B., 1950",Sixth
"Keith, Damon Jerome","West Virginia State College, B.A., 1943Howard University School of Law, LL.B., 1949Wayne State University Law School, LL.M., 1956",Sixth
"Merritt, Gilbert Stroud, Jr.","Yale University, B.A., 1957Vanderbilt University Law School, LL.B., 1960Harvard Law School, LL.M., 1962",Sixth
"Brown, Bailey","University of Michigan, A.B., 1939Harvard Law School, LL.B., 1942",Sixth
"Kennedy, Cornelia Groefsema","University of Michigan, B.A., 1945University of Michigan Law School, J.D., 1947",Sixth
"Martin, Boyce Ficklen, Jr.","Davidson College, A.B., 1957University of Virginia School of Law, J.D., 1963",Sixth
"Jones, Nathaniel Raphael","Youngstown College (now Youngstown State University), A.B., 1951Youngstown University (now Youngstown State University), LL.B., 1955",Sixth
"Contie, Leroy John, Jr.","University of Michigan, B.A., 1941University of Michigan Law School, J.D., 1948",Sixth
"Krupansky, Robert B.","Western Reserve University (now Case Western Reserve University), B.A., 1946Western Reserve University (now Case Western Reserve University) School of Law, LL.B., 1948",Sixth
"Wellford, Harry Walker","Washington and Lee University, B.A., 1947Vanderbilt University Law School, LL.B., 1950",Sixth
"Milburn, Herbert Theodore","East Tennessee State University, B.S., 1953University of Tennessee College of Law, J.D., 1959",Sixth
"Nelson, David Aldrich","Hamilton College, A.B., 1954Harvard Law School, LL.B., 1958",Sixth
"Guy, Ralph B., Jr.","University of Michigan, A.B., 1951University of Michigan Law School, J.D., 1953",Sixth
"Ryan, James Leo","University of Detroit Law School (now University of Detroit Mercy School of Law), LL.B., 1956University of Detroit Mercy, B.A., 1992",Sixth
"Boggs, Danny Julian","Harvard College, A.B., 1965University of Chicago Law School, J.D., 1968",Sixth
"Norris, Alan Eugene","Otterbein College, B.A., 1957New York University School of Law, LL.B., 1960University of Virginia School of Law, LL.M., 1986",Sixth
"Suhrheinrich, Richard Fred","Wayne State University, B.S., 1960Detroit College of Law (now Michigan State University College of Law), J.D., 1963University of Virginia School of Law, LL.M., 1990",Sixth
"Siler, Eugene Edward, Jr.","Vanderbilt University, B.A., 1958University of Virginia School of Law, LL.B., 1963Georgetown College (now Georgetown University) Law Center, LL.M., 1964",Sixth
"Batchelder, Alice Moore","Ohio Wesleyan University, B.A., 1964University of Akron School of Law, J.D., 1971University of Virginia School of Law, LL.M., 1988",Sixth
"Daughtrey, Martha Craig","Vanderbilt University, B.A., 1964Vanderbilt University Law School, J.D., 1968",Sixth
"Moore, Karen Nelson","Radcliffe College, A.B., 1970Harvard Law School, J.D., 1973",Sixth
"Cole, Ransey Guy, Jr.","Tufts University, B.A., 1972Yale Law School, J.D., 1975",Sixth
"Clay, Eric L.","University of North Carolina, B.A., 1969Yale Law School, J.D., 1972",Sixth
"Gilman, Ronald Lee","Massachusetts Institute of Technology, S.B., 1964Harvard Law School, J.D., 1967",Sixth
"Gibbons, Julia Smith","Vanderbilt University, B.A., 1972University of Virginia School of Law, J.D., 1975",Sixth
"Rogers, John M.","Stanford University, B.A., 1970University of Michigan Law School, J.D., 1974",Sixth
"Sutton, Jeffrey S.","Williams College, B.A., 1983Ohio State University College of Law (now Michael E. Moritz College of Law), LL.B., 1990",Sixth
"Cook, Deborah L.","University of Akron, B.A., 1974University of Akron School of Law, J.D., 1978",Sixth
"McKeague, David William","University of Michigan, B.A., 1968University of Michigan Law School, J.D., 1971",Sixth
"Griffin, Richard Allen","Western Michigan University, Honors College, B.A., 1973University of Michigan Law School, J.D., 1977",Sixth
"Neilson, Susan Bieke","University of Michigan, A.B., 1977Wayne State University Law School, J.D., 1980",Sixth
"Kethledge, Raymond M.","University of Michigan, B.A., 1989University of Michigan Law School, J.D., 1993",Sixth
"White, Helene N.","Barnard College, A.B., 1975University of Pennsylvania Law School (now Carey Law School), J.D., 1978",Sixth
"Stranch, Jane Branstetter","Vanderbilt University, B.A., 1975Vanderbilt University Law School, J.D., 1978",Sixth
"Donald, Bernice Bouie","Memphis State University (now University of Memphis), B.A., 1974Memphis State University (now University of Memphis), Humphreys School of Law, J.D., 1979",Sixth
"Thapar, Amul Roger","Boston College, B.S., 1991University of California, Berkeley, School of Law, J.D., 1994",Sixth
"Bush, John Kenneth","Vanderbilt University, B.A., 1986Harvard Law School, J.D., 1989",Sixth
"Larsen, Joan Louise","University of Northern Iowa, B.A., 1990Northwestern University School of Law (now Pritzker School of Law), J.D., 1993",Sixth
"Nalbandian, John Baylor","University of Pennsylvania, B.S., 1991University of Virginia School of Law, J.D., 1994",Sixth
"Readler, Chad Andrew","University of Michigan, B.A., 1994University of Michigan Law School, J.D., 1997",Sixth
"Murphy, Eric Earl","Miami University, Ohio, B.A., 2001University of Chicago Law School, J.D., 2005",Sixth
"Gresham, Walter Quintin","Read law, 1854",Seventh
"Woods, William Allen","Wabash College, A.B., 1859Read law, 1861",Seventh
"Jenkins, James Graham","Read law, 1855",Seventh
"Showalter, John William","Yale College, 1867Read law, 1871",Seventh
"Grosscup, Peter Stenger","Wittenberg College, A.B., 1872Boston University School of Law, LL.B., 1873",Seventh
"Baker, Francis Elisha","University of Michigan, B.A., 1882Read law, 1884",Seventh
"Seaman, William Henry","Read law, 1868",Seventh
"Kohlsaat, Christian Cecil","Old University of ChicagoOld University of Chicago Law Department (now Northwestern Pritzker School of Law), LL.B.Read law, 1867",Seventh
"Mack, Julian William","Harvard Law School, LL.B., 1887",Seventh
"Alschuler, Samuel","Read law, 1881",Seventh
"Evans, Evan Alfred","University of Wisconsin, B.A., 1897University of Wisconsin Law School, LL.B., 1899",Seventh
"Page, George True","University of IllinoisRead law, 1882",Seventh
"Anderson, Albert Barnes","Wabash College, A.B., 1879Read law, 1881",Seventh
"Sparks, William Morris","Indiana Law School (now Indiana University McKinney School of Law)Read law, 1896DePauw University, A.B., 1896",Seventh
"FitzHenry, Louis","Illinois Wesleyan University Law School, LL.B., 1897",Seventh
"Major, James Earl","Illinois College of Law (now DePaul University College of Law)Read law, 1910",Seventh
"Treanor, Walter Emanuel","Indiana University, A.B., 1912Indiana University School of Law -- Bloomington (now Maurer School of Law), LL.B., 1922",Seventh
"Kerner, Otto, Sr.","Lake Forest University, LL.B., 1905",Seventh
"Minton, Sherman","Indiana University School of Law -- Bloomington (now Maurer School of Law), LL.B., 1915Yale Law School, LL.M., 1916",Seventh
"Duffy, Francis Ryan","University of Wisconsin, B.A., 1910University of Wisconsin Law School, LL.B., 1912",Seventh
"Finnegan, Philip J.","University of Chicago Law School, LL.B., 1913",Seventh
"Lindley, Walter C.","University of Illinois, A.B.University of Illinois College of Law, LL.B., 1904University of Illinois College of Law, J.D., 1910",Seventh
"Swaim, Hardress Nathan","DePauw University, A.B., 1913University of Chicago Law School, J.D., 1916",Seventh
"Schnackenberg, Elmer Jacob","University of Chicago Law School, LL.B., 1912",Seventh
"Hastings, John Simpson","U.S. Military Academy, B.S., 1920Indiana University School of Law -- Bloomington (now Maurer School of Law), LL.B., 1924",Seventh
"Parkinson, William Lynn","Read law, 1923",Seventh
"Knoch, Winfred George","DePaul University College of Law, LL.B., 1917",Seventh
"Castle, Latham","Northwestern University School of Law (now Pritzker School of Law), LL.B., 1924",Seventh
"Kiley, Roger Joseph","Notre Dame Law School, LL.B., 1923",Seventh
"Swygert, Luther Merritt","Notre Dame Law School, LL.B., 1927",Seventh
"Fairchild, Thomas Edward","Cornell University, A.B., 1934University of Wisconsin Law School, LL.B., 1938",Seventh
"Cummings, Walter Joseph","Yale University, B.A., 1937Harvard Law School, LL.B., 1940",Seventh
"Kerner, Otto, Jr.","Brown University, A.B., 1930Northwestern University School of Law (now Pritzker School of Law), J.D., 1934",Seventh
"Pell, Wilbur Frank, Jr.","Indiana University, A.B., 1937Harvard Law School, J.D., 1940",Seventh
"Stevens, John Paul","University of Chicago, B.A., 1941Northwestern University School of Law (now Pritzker School of Law), J.D., 1947",Seventh
"Sprecher, Robert Arthur","Central YMCA College, A.A., 1936Northwestern University, B.S., 1938Northwestern University School of Law (now Pritzker School of Law), J.D., 1941",Seventh
"Tone, Philip Willis","University of Iowa, A.B., 1943University of Iowa College of Law, J.D., 1948",Seventh
"Bauer, William Joseph","Elmhurst College, A.B., 1949DePaul University College of Law, J.D., 1952",Seventh
"Wood, Harlington, Jr.","University of Illinois, A.B., 1942University of Illinois College of Law, J.D., 1948",Seventh
"Cudahy, Richard Dickson","U.S. Military Academy, B.S., 1948Yale Law School, J.D., 1955",Seventh
"Posner, Richard Allen","Yale College, A.B., 1959Harvard Law School, LL.B., 1962",Seventh
"Eschbach, Jesse Ernest","Indiana University, B.S., 1943Indiana University School of Law -- Bloomington (now Maurer School of Law), J.D., 1949",Seventh
"Coffey, John Louis","Marquette University, B.A., 1943Marquette University Law School, J.D., 1948",Seventh
"Flaum, Joel Martin","Union College, B.A., 1958Northwestern University School of Law (now Pritzker School of Law), J.D., 1963Northwestern University School of Law (now Pritzker School of Law), LL.M., 1964",Seventh
"Easterbrook, Frank Hoover","Swarthmore College, B.A., 1970University of Chicago Law School, J.D., 1973",Seventh
"Ripple, Kenneth Francis","Fordham University, A.B., 1965University of Virginia School of Law, J.D., 1968George Washington University Law School, LL.M., 1972",Seventh
"Manion, Daniel Anthony","University of Notre Dame, A.B., 1964Indiana University School of Law -- Indianapolis (now McKinney School of Law), J.D., 1973",Seventh
"Kanne, Michael Stephen","Indiana University, B.S., 1962Indiana University Maurer School of Law, J.D., 1968",Seventh
"Rovner, Ilana Kara Diamond","Bryn Mawr College, A.B., 1960Chicago-Kent College of Law, J.D., 1966",Seventh
"Wood, Diane Pamela","University of Texas, B.A., 1971University of Texas School of Law, J.D., 1975",Seventh
"Evans, Terence Thomas","Marquette University, B.A., 1962Marquette University Law School, J.D., 1967",Seventh
"Williams, Ann Claire","Wayne State University, B.S., 1970University of Michigan, M.A., 1972Notre Dame Law School, J.D., 1975",Seventh
"Sykes, Diane S.","Northwestern University, B.S., 1980Marquette University Law School, J.D., 1984",Seventh
"Tinder, John Daniel","Indiana University, B.S., 1972Indiana University Maurer School of Law, J.D., 1975",Seventh
"Hamilton, David Frank","Haverford College, B.A., 1979Yale Law School, J.D., 1983",Seventh
"Barrett, Amy Coney","Rhodes College, B.A., 1994Notre Dame Law School, J.D., 1997",Seventh
"Brennan, Michael Brian","University of Notre Dame, B.A., 1986Northwestern University School of Law (now Pritzker School of Law), J.D., 1989",Seventh
"Scudder, Michael Yale, Jr.","St. Joseph’s College, Rensselaer, Indiana, B.B.A., 1993Northwestern University School of Law (now Pritzker School of Law), J.D., 1998",Seventh
"St. Eve, Amy Joan","Cornell University, B.A., 1987Cornell Law School, J.D., 1990",Seventh
"Kirsch, Thomas Lee II","Indiana University, B.A., 1996Harvard Law School, J.D., 1999",Seventh
"Jackson-Akiwumi, Candace Rae","Princeton University, A.B., 2000Yale Law School, J.D., 2005",Seventh
"Caldwell, Henry Clay","Read law, 1851",Eighth
"Sanborn, Walter Henry","Dartmouth College, A.B., 1867Dartmouth College, A.M., 1870Read law, 1871",Eighth
"Thayer, Amos Madden","Hamilton College, 1862Read law, 1868",Eighth
"Van Devanter, Willis","Cincinnati Law School (now University of Cincinnati College of Law), LL.B., 1881",Eighth
"Hook, William Cather","Washington University School of Law, LL.B., 1878",Eighth
"Adams, Elmer Bragg","Yale College, B.A., 1865Harvard Law School, 1868",Eighth
"Carland, John Emmett","University of MichiganRead law, 1877",Eighth
"Smith, Walter Inglewood","Read law, 1882",Eighth
"Stone, Kimbrough","Harvard Law SchoolUniversity of Missouri, Litt.B., 1895Read law, 1898",Eighth
"Lewis, Robert E.","Westminster College, Fulton, MissouriRead law, 1880",Eighth
"Kenyon, William Squire","Grinnell CollegeUniversity of IowaRead law, 1891",Eighth
"Booth, Wilbur Franklin","Yale College, A.B., 1884Yale Law School, LL.B., 1888",Eighth
"Van Valkenburgh, Arba Seymour","University of Michigan, A.B., 1884Read law, 1888",Eighth
"Cotteral, John Hazelton","University of MichiganRead law, 1885",Eighth
"Gardner, Archibald K.","University of Iowa, A.B., 1892University of Iowa College of Law, LL.B., 1893",Eighth
"Sanborn, John Benjamin","University of Minnesota, B.A., 1905St. Paul College of Law (now Mitchell Hamline School of Law), LL.B., 1907",Eighth
"Woodrough, Joseph William","Heidelberg University, GermanyRead law, 1893",Eighth
"Faris, Charles Breckenridge","Washington University School of LawUniversity of Missouri, B.L., 1889University of Missouri, B.Pd., 1889",Eighth
"Thomas, Seth","University of Iowa, Ph.B., 1904University of Iowa, A.M., 1906University of Iowa College of Law, LL.B., 1910",Eighth
"Johnsen, Harvey M.","University of Nebraska College of Law, LL.B., 1919University of Nebraska, A.B., 1921",Eighth
"Riddick, Walter Garrett","Washington and Lee UniversityUniversity of Arkansas School of Law, LL.B., 1908",Eighth
"Collet, John Caskie","Read law, 1920",Eighth
"Vogel, Charles Joseph","University of Minnesota Law School, LL.B., 1923",Eighth
"Van Oosterhout, Martin Donald","University of Iowa, B.A., 1922University of Iowa College of Law, J.D., 1924",Eighth
"Whittaker, Charles Evans","Kansas City School of Law (now University of Missouri-Kansas City School of Law), LL.B., 1924",Eighth
"Matthes, Marion Charles","Benton College of LawRead law, 1928",Eighth
"Blackmun, Harry Andrew","Harvard College, A.B., 1929Harvard Law School, LL.B., 1932",Eighth
"Ridge, Albert Alphonso","Read law, 1923",Eighth
"Mehaffy, Pat","University of Arkansas School of Law, LL.B., 1927",Eighth
"Gibson, Floyd Robert","University of Missouri, A.B., 1931University of Missouri School of Law, LL.B., 1933",Eighth
"Lay, Donald Pomery","University of Iowa, B.A., 1949University of Iowa College of Law, J.D., 1951",Eighth
"Heaney, Gerald William","University of Minnesota, B.S.L., 1939University of Minnesota Law School, LL.B., 1941",Eighth
"Bright, Myron H.","University of Minnesota, B.S.L.Eveleth Junior College (now Mesabi Range Community and Technical College), A.A., 1939University of Minnesota Law School, LL.B., 1947",Eighth
"Ross, Donald Roe","University of Nebraska College of Law, J.D., 1948",Eighth
"Stephenson, Roy Laverne","University of Iowa, B.A., 1938University of Iowa College of Law, J.D., 1940",Eighth
"Webster, William Hedgcock","Amherst College, A.B., 1947Washington University School of Law, J.D., 1949",Eighth
"Henley, Jesse Smith","University of Arkansas School of Law, LL.B., 1941",Eighth
"McMillian, Theodore","Lincoln University, Missouri, B.S., 1941St. Louis University School of Law, LL.B., 1949",Eighth
"Arnold, Richard Sheppard","Yale University, B.A., 1957Harvard Law School, LL.B., 1960",Eighth
"Gibson, John R.","University of Missouri, A.B., 1949University of Missouri School of Law, J.D., 1952",Eighth
"Fagg, George Gardner","Drake University, B.A., 1956Drake University Law School, J.D., 1958",Eighth
"Bowman, Pasco Middleton II","Bridgewater College, B.A., 1955New York University School of Law, J.D., 1958University of Virginia School of Law, LL.M., 1986",Eighth
"Wollman, Roger Leland","Tabor College, B.A., 1957University of South Dakota School of Law, J.D., 1962Harvard Law School, LL.M., 1964",Eighth
"Magill, Frank J.","Georgetown College (now Georgetown University), School of Foreign Service, B.S.F.S., 1951Columbia University, M.A., 1953Georgetown College (now Georgetown University) Law Center, LL.B., 1955",Eighth
"Beam, C[larence] Arlen","University of Nebraska, B.S., 1951University of Nebraska College of Law, J.D., 1965",Eighth
"Loken, James B.","University of Wisconsin, B.S., 1962Harvard Law School, LL.B., 1965",Eighth
"Hansen, David Rasmussen","Northwest Missouri State University, B.A., 1960George Washington University Law School, J.D., 1963",Eighth
"Arnold, Morris Sheppard","University of Arkansas, B.S.E.E., 1965University of Arkansas School of Law, LL.B., 1968Harvard Law School, LL.M., 1969Harvard Law School, S.J.D., 1971",Eighth
"Murphy, Diana E.","University of Minnesota, B.A., 1954University of Minnesota Law School, J.D., 1974",Eighth
"Kelly, John David","St. John's University, A.B., 1956University of Michigan Law School, J.D., 1959",Eighth
"Bye, Kermit Edward","University of North Dakota, B.S., 1959University of North Dakota School of Law, J.D., 1962",Eighth
"Riley, William Jay","University of Nebraska, B.A., 1969University of Nebraska College of Law, J.D., 1972",Eighth
"Melloy, Michael Joseph","Loras College, B.A., 1970University of Iowa College of Law, J.D., 1974",Eighth
"Smith, Lavenski R.","University of Arkansas, B.A., 1981University of Arkansas School of Law, J.D., 1987",Eighth
"Colloton, Steven M.","Princeton University, A.B., 1985Yale Law School, J.D., 1988",Eighth
"Gruender, Raymond W.","Washington University in St. Louis, B.A., 1984Washington University School of Law, J.D., 1987Washington University in St. Louis, M.B.A., 1987",Eighth
"Benton, William Duane","Northwestern University, B.A., 1972Yale Law School, J.D., 1975Memphis State University (now University of Memphis), M.B.A., 1979University of Virginia School of Law, LL.M., 1994",Eighth
"Shepherd, Bobby E.","Ouachita Baptist University, B.A., 1973University of Arkansas School of Law, J.D., 1975",Eighth
"Kelly, Jane Louise","Duke University, B.A., 1987Harvard Law School, J.D., 1991",Eighth
"Erickson, Ralph R.","Jamestown College, B.A., 1980University of North Dakota School of Law, J.D., 1984",Eighth
"Grasz, Leonard Steven","University of Nebraska, B.S., 1984University of Nebraska College of Law, J.D., 1989",Eighth
"Stras, David Ryan","University of Kansas, B.A., 1995University of Kansas School of Business, M.B.A., 1999University of Kansas School of Law, J.D., 1999",Eighth
"Kobes, Jonathan Allen","Dordt College, B.A., 1996Harvard Law School, J.D., 2000",Eighth
"Sawyer, Lorenzo","Western Reserve College (now Case Western Reserve University)Read law, 1846",Ninth
"McKenna, Joseph","Read law, 1865St. Augustine's College, 1865",Ninth
"Gilbert, William Ball","Williams College, A.B., 1868University of Michigan Law School, LL.B., 1872",Ninth
"Ross, Erskine Mayo","Virginia Military Institute, 1865Read law, 1869",Ninth
"Morrow, William W.","Read law, 1869",Ninth
"Hunt, William Henry","Read law, 1880",Ninth
"Rudkin, Frank H.","Washington and Lee UniversityRead law, 1887",Ninth
"McCamant, Wallace","Lafayette College, Ph.B., 1888Read law, 1890",Ninth
"Dietrich, Frank Sigel","Brown University, A.B., 1887Brown University, A.M., 1890Read law, 1891",Ninth
"Wilbur, Curtis Dwight","U.S. Naval Academy, B.S., 1888Read law, 1890",Ninth
"Sawtelle, William Henry","Read law, 1886",Ninth
"Garrecht, Francis Arthur","Read law, 1894",Ninth
"Denman, William","University of California, Berkeley, B.Litt., 1894Harvard Law School, LL.B., 1897",Ninth
"Mathews, Clifton","Read law, 1904",Ninth
"Haney, Bert Emory","University of Oregon School of Law, LL.B., 1903",Ninth
"Stephens, Albert Lee, Sr.","Read law, 1899University of Southern California Law School, LL.B., 1903",Ninth
"Healy, William","University of Iowa, A.B., 1906University of Iowa College of Law, 1908",Ninth
"Bone, Homer Truett","Tacoma Law School, 1911",Ninth
"Orr, William Edwin","University of Nevada, RenoRead law, 1912",Ninth
"Pope, Walter Lyndon","University of Nebraska, A.B., 1909University of Chicago Law School, J.D., 1912",Ninth
"Lemmon, Dal Millington","Stanford University, A.B., 1908",Ninth
"Chambers, Richard Harvey","University of Arizona, A.B., 1929Stanford Law School, LL.B., 1932",Ninth
"Fee, James Alger","Whitman College, A.B., 1910Columbia Law School, LL.B., 1914",Ninth
"Barnes, Stanley Nelson","Harvard Law SchoolUniversity of California, Berkeley, A.B., 1922University of California, Berkeley, School of Jurisprudence, J.D., 1925",Ninth
"Hamley, Frederick George","University of Washington, B.A.University of Washington School of Law, LL.B., 1932",Ninth
"Hamlin, Oliver Deveta, Jr.","University of California, Berkeley, B.L., 1914",Ninth
"Jertberg, Gilbert H.","Stanford University, A.B., 1920Stanford Law School, J.D., 1922",Ninth
"Merrill, Charles Merton","University of California, Berkeley, A.B., 1928Harvard Law School, LL.B., 1931",Ninth
"Koelsch, Montgomery Oliver","University of Washington, B.A., 1932University of Washington School of Law, LL.B., 1935",Ninth
"Browning, James Robert","University of Montana School of Law, LL.B., 1941",Ninth
"Duniway, Benjamin Cushing","Carleton College, B.A., 1928Stanford Law School, LL.B., 1931University of Oxford, B.A., 1933University of Oxford, M.A., 1964",Ninth
"Ely, Walter Raleigh, Jr.","University of Texas, A.B., 1935University of Texas School of Law, LL.B., 1935University of Southern California Law School, LL.M., 1949",Ninth
"Carter, James Marshall","Harvard Law SchoolPomona College, A.B., 1924University of Southern California Law School, J.D., 1927",Ninth
"Hufstedler, Shirley Ann Mount","University of New Mexico, B.B.A., 1945Stanford Law School, LL.B., 1949",Ninth
"Wright, Eugene Allen","University of Washington, A.B., 1934University of Washington School of Law, J.D., 1937",Ninth
"Kilkenny, John Francis","Notre Dame Law School, LL.B., 1925",Ninth
"Trask, Ozell Miller","Washburn College, A.B., 1931Harvard Law School, LL.B., 1934",Ninth
"Choy, Herbert Young Cho","University of Hawaii, B.A., 1938Harvard Law School, J.D., 1941",Ninth
"Goodwin, Alfred Theodore","University of Oregon, B.A., 1947University of Oregon School of Law, J.D., 1951",Ninth
"Wallace, John Clifford","San Diego State College, B.A., 1952University of California, Berkeley, School of Law, LL.B., 1955",Ninth
"Sneed, Joseph Tyree III","Southwestern University, B.B.A., 1941University of Texas School of Law, LL.B., 1947Harvard Law School, S.J.D., 1958",Ninth
"Kennedy, Anthony McLeod","Stanford University, B.A., 1958Harvard Law School, J.D., 1961",Ninth
"Anderson, J. Blaine","University of Idaho College of Law, J.D., 1949",Ninth
"Hug, Procter Ralph, Jr.","University of Nevada, Reno, B.S., 1953Stanford Law School, LL.B., 1958",Ninth
"Tang, Thomas","University of Santa Clara (now Santa Clara University), B.S., 1947University of Arizona College of Law (now James E. Rogers College of Law), LL.B., 1950",Ninth
"Skopil, Otto Richard, Jr.","Willamette University, B.A., 1941Willamette University College of Law, LL.B., 1946",Ninth
"Fletcher, Betty Binns","Stanford University, B.A., 1943University of Washington School of Law, LL.B., 1956",Ninth
"Schroeder, Mary Murphy","Swarthmore College, B.A., 1962University of Chicago Law School, J.D., 1965",Ninth
"Farris, Joseph Jerome","Morehouse College, B.S., 1951Atlanta University (now Clark Atlanta University), M.S.W., 1955University of Washington School of Law, J.D., 1958",Ninth
"Alarcón, Arthur Lawrence","University of Southern California, B.A., 1949University of Southern California Law School, LL.B., 1951",Ninth
"Pregerson, Harry","University of California, Los Angeles, B.A., 1947University of California, Berkeley, School of Law, LL.B., 1950",Ninth
"Ferguson, Warren John","University of Nevada, Reno, B.A., 1942University of Southern California Law School, LL.B., 1949",Ninth
"Poole, Cecil F.","University of Michigan, A.B., 1935University of Michigan Law School, LL.B., 1938Harvard Law School, LL.M., 1939",Ninth
"Nelson, Dorothy Wright","University of California, Los Angeles, A.B., 1950University of California, Los Angeles, School of Law, J.D., 1953University of Southern California Law School, LL.M., 1956",Ninth
"Canby, William Cameron, Jr.","Yale University, B.A., 1953University of Minnesota Law School, LL.B., 1956",Ninth
"Norris, William Albert","Princeton University, B.A., 1951Stanford Law School, J.D., 1954",Ninth
"Boochever, Robert","Cornell University, B.A., 1939Cornell Law School, J.D., 1941",Ninth
"Reinhardt, Stephen Roy","Pomona College, B.A., 1951Yale Law School, LL.B., 1954",Ninth
"Beezer, Robert R.","University of Virginia, B.A., 1951University of Virginia School of Law, LL.B., 1956",Ninth
"Hall, Cynthia Holcomb","Stanford University, A.B., 1951Stanford Law School, LL.B., 1954New York University School of Law, LL.M., 1960",Ninth
"Wiggins, Charles Edward","University of Southern California, B.S., 1953University of Southern California Law School, LL.B., 1956",Ninth
"Brunetti, Melvin T.","University of California, Hastings College of the Law, J.D., 1964",Ninth
"Kozinski, Alex","University of California, Los Angeles, A.B., 1972University of California, Los Angeles, School of Law, J.D., 1975",Ninth
"Noonan, John T., Jr.","Harvard College, B.A., 1946Catholic University of America, M.A., 1949Catholic University of America, Ph.D., 1951Harvard Law School, LL.B., 1954",Ninth
"Thompson, David R.","University of Southern California, B.S., business, 1952University of Southern California Law School, LL.B., 1955",Ninth
"O'Scannlain, Diarmuid Fionntain","St. John's University, B.A., 1957Harvard Law School, J.D., 1963University of Virginia School of Law, LL.M., 1992",Ninth
"Leavy, Edward","University of Portland, A.B., 1950Notre Dame Law School, LL.B., 1953",Ninth
"Trott, Stephen S.","Wesleyan University, B.A., 1962Harvard Law School, LL.B., 1965",Ninth
"Fernandez, Ferdinand Francis","University of Southern California, B.S., 1958University of Southern California Law School, J.D., 1962Harvard Law School, LL.M., 1963",Ninth
"Rymer, Pamela Ann","Vassar College, A.B., 1961Stanford Law School, LL.B., 1964",Ninth
"Nelson, Thomas G.","University of Idaho College of Law, LL.B., 1962",Ninth
"Kleinfeld, Andrew Jay","Wesleyan University, B.A., 1966Harvard Law School, J.D., 1969",Ninth
"Hawkins, Michael Daly","Arizona State University, B.A., 1967Arizona State University College of Law (now Sandra Day O’Connor College of Law), J.D., 1970University of Virginia School of Law, LL.M., 1998",Ninth
"Tashima, Atsushi Wallace","University of California, Los Angeles, B.A., 1958Harvard Law School, LL.B., 1961",Ninth
"Thomas, Sidney Runyan","Montana State University, B.A., 1975University of Montana School of Law, J.D., 1978",Ninth
"Silverman, Barry G.","Arizona State University, B.A., 1973Arizona State University College of Law (now Sandra Day O’Connor College of Law), J.D., 1976",Ninth
"Graber, Susan","Wellesley College, B.A., 1969Yale Law School, J.D., 1972",Ninth
"McKeown, M. Margaret","University of Wyoming, B.A., 1972Georgetown University Law Center, J.D., 1975",Ninth
"Wardlaw, Kim McLane","University of California, Los Angeles, A.B., 1976University of California, Los Angeles, School of Law, J.D., 1979",Ninth
"Fletcher, William A.","Harvard College, B.A., 1968University of Oxford, B.A., 1970Yale Law School, J.D., 1975",Ninth
"Fisher, Raymond C.","University of California, Santa Barbara, B.A., 1961Stanford Law School, LL.B., 1966",Ninth
"Gould, Ronald Murray","University of Pennsylvania, B.S., 1968University of Michigan Law School, J.D., 1973",Ninth
"Paez, Richard A.","Brigham Young University, B.A., 1969University of California, Berkeley, School of Law, J.D., 1972",Ninth
"Berzon, Marsha Siegel","Radcliffe College, B.A., 1966University of California, Berkeley, School of Law, J.D., 1973",Ninth
"Tallman, Richard C.","University of Santa Clara (now Santa Clara University), B.Sc., 1975Northwestern University School of Law (now Pritzker School of Law), J.D., 1978",Ninth
"Rawlinson, Johnnie B.","North Carolina A&T State University, B.S., 1974University of the Pacific, McGeorge School of Law, J.D., 1979",Ninth
"Clifton, Richard R.","Princeton University, A.B., 1972Yale Law School, J.D., 1975",Ninth
"Bybee, Jay S.","Brigham Young University, B.A., 1977Brigham Young University, J. Reuben Clark Law School, J.D., 1980",Ninth
"Callahan, Consuelo Maria","Stanford University, A.B., 1972University of the Pacific, McGeorge School of Law, J.D., 1975University of Virginia School of Law, LL.M., 2004",Ninth
"Bea, Carlos T.","Stanford University, B.A., 1956Stanford Law School, J.D., 1958",Ninth
"Smith, Milan Dale, Jr.","Brigham Young University, B.A., 1966University of Chicago Law School, J.D., 1969",Ninth
"Ikuta, Sandra Segal","University of California, Berkeley, A.B., 1976Columbia University, M.S., 1978University of California, Los Angeles, School of Law, J.D., 1988",Ninth
"Smith, N[orman] Randy","Brigham Young University, B.S., 1974Brigham Young University, J. Reuben Clark Law School, J.D., 1977",Ninth
"Murguia, Mary Helen","University of Kansas, B.A., B.S., 1982University of Kansas School of Law, J.D., 1985",Ninth
"Christen, Morgan","University of Washington, B.A., 1983Golden Gate University School of Law, J.D., 1986",Ninth
"Nguyen, Jacqueline Hong-Ngoc","Occidental College, A.B., 1987University of California, Los Angeles, School of Law, J.D., 1991",Ninth
"Watford, Paul Jeffrey","University of California, Berkeley, B.A., 1989University of California, Los Angeles, School of Law, J.D., 1994",Ninth
"Hurwitz, Andrew David","Princeton University, A.B., 1968Yale Law School, J.D., 1972",Ninth
"Owens, John Byron","University of California, Berkeley, B.A., 1993Stanford Law School, J.D., 1996",Ninth
"Friedland, Michelle Taryn","Stanford University, B.S., 1995Stanford Law School, J.D., 2000",Ninth
"Bennett, Mark Jeremy","Union College, B.A., 1976Cornell Law School, J.D., 1979",Ninth
"Nelson, Ryan Douglas","Brigham Young University, B.A., 1996Brigham Young University, J. Reuben Clark Law School, J.D., 1999",Ninth
"Miller, Eric David","Harvard University, A.B., 1996University of Chicago Law School, J.D., 1999",Ninth
"Bade, Bridget Shelton","Arizona State University, B.A., 1987Arizona State University College of Law (now Sandra Day O’Connor College of Law), J.D., 1990",Ninth
"Collins, Daniel Paul","Harvard College, A.B., 1985Stanford Law School, J.D., 1988",Ninth
"Lee, Kenneth Kiyul","Cornell University, B.A., 1997Harvard Law School, J.D., 2000",Ninth
"Bress, Daniel Aaron","Harvard College, A.B., 2001University of Virginia School of Law, J.D., 2005",Ninth
"Forrest, Danielle Jo","Ricks College (now Brigham Young University -- Idaho), A.A.S., 1996University of Idaho, B.S., 2001University of Idaho College of Law, J.D., 2004",Ninth
"Bumatay, Patrick Joseph","Yale University, B.A., 2000Harvard Law School, J.D., 2006",Ninth
"VanDyke, Lawrence James Christopher","Montana State University, B.S.E., 1997Montana State University, M.C.E.M., 2000Bear Valley Bible Institute, B.Th., 2002Harvard Law School, J.D., 2005",Ninth
"Lewis, Robert E.","Westminster College, Fulton, MissouriRead law, 1880",Tenth
"Cotteral, John Hazelton","University of MichiganRead law, 1885",Tenth
"Phillips, Orie Leon","University of Michigan Law School, J.D., 1908",Tenth
"McDermott, George Thomas","University of Chicago, Ph.B., 1908University of Chicago Law School, J.D., 1909",Tenth
"Bratton, Sam Gilbert","Read law, 1909",Tenth
"Williams, Robert Lee","Read law, 1891Southern University, B.A., 1892Southern University, M.A., 1894",Tenth
"Huxman, Walter August","University of Kansas School of Law, LL.B., 1914",Tenth
"Murrah, Alfred Paul","University of Oklahoma College of Law, LL.B., 1928",Tenth
"Pickett, John Coleman","University of Nebraska College of Law, LL.B., 1922",Tenth
"Lewis, David Thomas","University of Utah, B.A., 1935University of Utah College of Law (now S.J. Quinney College of Law), J.D., 1937",Tenth
"Breitenstein, Jean Sala","University of Colorado, A.B., 1922University of Colorado Law School, LL.B., 1924",Tenth
"Hill, Delmas Carl","Washburn College School of Law, LL.B., 1929",Tenth
"Seth, Oliver","Stanford University, B.A., 1937Yale Law School, LL.B., 1940",Tenth
"Hickey, John Joseph","University of Wyoming College of Law, LL.B., 1934",Tenth
"Holloway, William Judson, Jr.","University of Oklahoma, A.B., 1947Harvard Law School, LL.B., 1950",Tenth
"McWilliams, Robert Hugh, Jr.","University of Denver, A.B., 1938University of Denver College of Law (now Sturm College of Law), LL.B., 1941",Tenth
"Barrett, James Emmett","University of Wyoming College of Law, LL.B., 1949",Tenth
"Doyle, William Edward","George Washington University Law School, LL.B., 1937University of Colorado, A.B., 1940",Tenth
"McKay, Monroe G.","Brigham Young University, B.S., 1957University of Chicago Law School, J.D., 1960",Tenth
"Logan, James Kenneth","University of Kansas, A.B., 1952Harvard Law School, LL.B., 1955",Tenth
"Seymour, Stephanie Kulp","Smith College, B.A., 1962Harvard Law School, J.D., 1965",Tenth
"Porfilio, John Carbone","University of Denver, B.A., 1956University of Denver College of Law (now Sturm College of Law), LL.B., 1959",Tenth
"Anderson, Stephen Hale","University of Utah College of Law (now S.J. Quinney College of Law), LL.B., 1960",Tenth
"Tacha, Deanell Reece","University of Kansas, B.A., 1968University of Michigan Law School, J.D., 1971",Tenth
"Baldock, Bobby Ray","New Mexico Military Institute, 1956University of Arizona College of Law (now James E. Rogers College of Law), J.D., 1960",Tenth
"Brorby, Wade","University of Wyoming, B.S., 1956University of Wyoming College of Law, J.D., 1958",Tenth
"Ebel, David M.","Northwestern University, B.A., 1962University of Michigan Law School, J.D., 1965",Tenth
"Kelly, Paul Joseph, Jr.","University of Notre Dame, B.B.A., 1963Fordham University School of Law, J.D., 1967",Tenth
"Henry, Robert Harlan","University of Oklahoma, B.A., 1974University of Oklahoma College of Law, J.D., 1976",Tenth
"Briscoe, Mary Beck","University of Kansas, B.A., 1969University of Kansas School of Law, J.D., 1973University of Virginia School of Law, LL.M., 1990",Tenth
"Lucero, Carlos F.","Adams State College, B.A., 1961George Washington University Law School, J.D., 1964",Tenth
"Murphy, Michael R.","Creighton University, B.A., 1969University of Wyoming College of Law, J.D., 1972",Tenth
"Hartz, Harris L.","Harvard College, A.B., 1967Harvard Law School, J.D., 1972",Tenth
"O'Brien, Terrence L.","University of Wyoming, B.S., 1965University of Wyoming College of Law, J.D., 1972",Tenth
"McConnell, Michael W.","Michigan State University, B.A., 1976University of Chicago Law School, J.D., 1979",Tenth
"Tymkovich, Timothy M.","Colorado College, B.A., 1979University of Colorado Law School, J.D., 1982",Tenth
"Gorsuch, Neil M.","Columbia University, B.A., 1988Harvard Law School, J.D., 1991University of Oxford, D.Phil., 2004",Tenth
"Holmes, Jerome A.","Wake Forest University, B.A., 1983Georgetown University Law Center, J.D., 1988Harvard University, M.P.A., 2000",Tenth
"Matheson, Scott Milne, Jr.","University of Oxford, M.A.Stanford University, A.B., 1975Yale Law School, J.D., 1980",Tenth
"Bacharach, Robert Edwin","University of Oklahoma, B.A., 1981Washington University School of Law, J.D., 1985",Tenth
"Phillips, Gregory Alan","University of Wyoming, B.S., 1983University of Wyoming College of Law, J.D., 1987",Tenth
"McHugh, Carolyn Baldwin","University of Utah, B.A., 1978University of Utah College of Law (now S.J. Quinney College of Law), J.D., 1982",Tenth
"Moritz, Nancy Louise","Washburn University, B.B.A., 1982Washburn University School of Law, J.D., 1985",Tenth
"Eid, Allison Hartwell","Stanford University, A.B., 1987University of Chicago Law School, J.D., 1991",Tenth
"Carson, Joel McElroy III","Texas Tech University, B.B.A., 1994University of New Mexico School of Law, J.D., 1997",Tenth
"Rossman, Veronica Sophia","Columbia University, B.A., 1993University of California, Hastings College of the Law, J.D., 1997",Tenth
"Roney, Paul Hitch","St. Petersburg Junior College, A.A., 1940University of Pennsylvania, Wharton School, B.S., 1942Harvard Law School, LL.B., 1948University of Virginia School of Law, LL.M., 1984",Eleventh
"Henderson, Albert John","Mercer University School of Law, LL.B., 1947",Eleventh
"Morgan, Lewis Render","University of Georgia School of Law, LL.B., 1935",Eleventh
"Godbold, John Cooper","Alabama Polytechnic Institute (now Auburn University), B.S., 1940Harvard Law School, J.D., 1948",Eleventh
"Kravitch, Phyllis A.","Goucher College, B.A., 1941University of Pennsylvania Law School (now Carey Law School), LL.B., 1943",Eleventh
"Tuttle, Elbert Parr","Cornell University, A.B., 1918Cornell University Department of Law, LL.B., 1923",Eleventh
"Johnson, Frank Minis, Jr.","University of Alabama School of Law, LL.B., 1943",Eleventh
"Simpson, John Milton Bryan","University of Florida College of Law (now Fredric G. Levin College of Law), LL.B., 1926",Eleventh
"Hill, James Clinkscales","University of South Carolina, B.Sc., 1948Emory University School of Law, J.D., 1948",Eleventh
"Clark, Thomas Alonzo","Washington and Lee University, B.S., 1942University of Georgia School of Law, LL.B., 1949",Eleventh
"Rives, Richard Taylor","Read law, 1914",Eleventh
"Hatchett, Joseph Woodrow","Florida A&M University, B.A., 1954Howard University School of Law, J.D., 1959",Eleventh
"Fay, Peter Thorp","Rollins College, B.A., 1951University of Florida College of Law (now Fredric G. Levin College of Law), J.D., 1956",Eleventh
"Vance, Robert Smith","University of Alabama, B.S., 1950University of Alabama School of Law, J.D., 1952George Washington University Law School, LL.M., 1955",Eleventh
"Jones, Warren Leroy","University of Denver College of Law (now Sturm College of Law), LL.B., 1924",Eleventh
"Dyer, David William","Stetson University College of Law, LL.B., 1933",Eleventh
"Tjoflat, Gerald Bard","Duke University School of Law, LL.B., 1957",Eleventh
"Anderson, R[obert] Lanier III","Yale College, A.B., 1958Harvard Law School, LL.B., 1961",Eleventh
"Edmondson, James Larry","Emory University, B.A., 1968University of Georgia School of Law, J.D., 1971University of Virginia School of Law, LL.M., 1990",Eleventh
"Cox, Emmett Ripley","University of Alabama, A.B., 1957University of Alabama School of Law, LL.B., 1959",Eleventh
"Birch, Stanley F., Jr.","University of Virginia, B.A., 1967Emory University School of Law, J.D., 1970Emory University School of Law, LL.M., 1976",Eleventh
"Dubina, Joel Fredrick","University of Alabama, B.S., 1970Samford University, Cumberland School of Law, J.D., 1973",Eleventh
"Black, Susan Harrell","Florida State University, B.A., 1964University of Florida College of Law (now Fredric G. Levin College of Law), J.D., 1967University of Virginia School of Law, LL.M., 1984",Eleventh
"Carnes, Edward Earl","University of Alabama, B.S., 1972Harvard Law School, J.D., 1975",Eleventh
"Barkett, Rosemary","St. Joseph's College, Jensen Beach, Florida, A.A., 1959Spring Hill College, B.S., 1967University of Florida College of Law (now Fredric G. Levin College of Law), J.D., 1970",Eleventh
"Hull, Frank M.","Randolph-Macon Woman's College (now Randolph College), B.A., 1970Emory University School of Law, J.D., 1973",Eleventh
"Marcus, Stanley","Queens College, City University of New York, B.A., 1967Harvard Law School, J.D., 1971",Eleventh
"Wilson, Charles R.","University of Notre Dame, B.A., 1976Notre Dame Law School, J.D., 1979",Eleventh
"Pryor, William Holcombe, Jr.","Northeast Louisiana University (now University of Louisiana at Monroe), B.A., 1984Tulane University Law School, J.D., 1987",Eleventh
"Martin, Beverly Baldwin","Stetson University, B.A., 1976University of Georgia School of Law, J.D., 1981",Eleventh
"Jordan, Adalberto Jose","University of Miami, B.A., 1984University of Miami School of Law, J.D., 1987",Eleventh
"Rosenbaum, Robin Stacie","Cornell University, B.A., 1988University of Miami School of Law, J.D., 1991",Eleventh
"Carnes, Julie E.","University of Georgia, B.A., 1972University of Georgia School of Law, J.D., 1975",Eleventh
"Pryor, Jill Anne","College of William and Mary, B.A., 1985Yale Law School, J.D., 1988",Eleventh
"Newsom, Kevin Christopher","Samford University, B.A., 1994Harvard Law School, J.D., 1997",Eleventh
"Branch, Elizabeth Lee","Davidson College, B.A., 1990Emory University School of Law, J.D., 1994",Eleventh
"Grant, Britt Cagle","Wake Forest University, B.A., 2000Stanford Law School, J.D., 2007",Eleventh
"Luck, Robert Joshua","University of Florida, B.A., 2000University of Florida Fredric G. Levin College of Law, J.D., 2004",Eleventh
"Lagoa, Barbara","Florida International University, B.A., 1989Columbia Law School, J.D., 1992",Eleventh
"Brasher, Andrew Lynn","Samford University, B.A., 2002Harvard Law School, J.D., 2006",Eleventh
"Shepard, Seth","Washington College (now Washington and Lee University) School of Law, LL.B., 1868",District of Columbia
"Morris, Martin Ferdinand","Georgetown College (now Georgetown University), 1854Read law, 1863",District of Columbia
"Alvey, Richard Henry","Read law, 1849",District of Columbia
"Duell, Charles Holland","Hamilton College, A.B., 1871Hamilton College Law School, 1872",District of Columbia
"McComas, Louis Emory","Dickinson College, 1866Read law, 1868",District of Columbia
"Robb, Charles Henry","Read law, 1892",District of Columbia
"Van Orsdel, Josiah Alexander","Westminster College, New Wilmington, Pennsylvania, A.B., 1885Read law, 1890",District of Columbia
"Smyth, Constantine Joseph","Read law, 1885Creighton University, A.M., 1907",District of Columbia
"Martin, George Ewing","Heidelberg University, GermanyWittenberg College, A.B., 1877Read law, 1883",District of Columbia
"Hitz, William","Harvard CollegeGeorgetown College Law School (now Georgetown University Law Center), LL.B., 1900",District of Columbia
"Groner, Duncan Lawrence",University of VirginiaWashington and Lee University,District of Columbia
"Stephens, Harold Montelle","University of California, BerkeleyCornell University, A.B., 1909Harvard Law School, LL.B., 1913Harvard Law School, S.J.D., 1932",District of Columbia
"Miller, Justin","Stanford University, A.B., 1911University of Montana School of Law, LL.B., 1913Stanford Law School, J.D., 1914",District of Columbia
"Vinson, Frederick Moore","Centre College, B.A., 1909College of Law of Central University, LL.B., 1911",District of Columbia
"Edgerton, Henry White","Cornell University, A.B., 1910Harvard Law School, LL.B., 1914",District of Columbia
"Rutledge, Wiley Blount","University of Wisconsin, B.A., 1914University of Colorado Law School, LL.B., 1922",District of Columbia
"Arnold, Thurman Wesley","Princeton University, B.A., 1911Harvard Law School, LL.B., 1914",District of Columbia
"Clark, Bennett Champ","University of Missouri, B.A., 1913George Washington University Law School, LL.B., 1914",District of Columbia
"Prettyman, Elijah Barrett","Randolph-Macon College, B.A., 1910Randolph-Macon College, A.M., 1911Georgetown College Law School (now Georgetown University Law Center), LL.B., 1915",District of Columbia
"Miller, Wilbur Kingsbury","University of MichiganRead law, 1916",District of Columbia
"Proctor, James McPherson","George Washington University Law School, LL.B., 1904",District of Columbia
"Washington, George Thomas","Yale College, Ph.B., 1928University of Oxford, Litt.B., law, 1931Yale Law School, LL.B., 1932",District of Columbia
"Fahy, Charles","Georgetown College Law School (now Georgetown University Law Center), LL.B., 1914",District of Columbia
"Bazelon, David L.","Northwestern University, B.S.L., 1931Read law, 1932",District of Columbia
"Danaher, John Anthony","Yale Law SchoolYale University, A.B., 1920",District of Columbia
"Bastian, Walter Maximillian","Georgetown College Law School (now Georgetown University Law Center), LL.B., 1913",District of Columbia
"Burger, Warren Earl","St. Paul College of Law (now Mitchell Hamline School of Law), LL.B., 1931",District of Columbia
"Wright, James Skelly","Loyola University New Orleans, Ph.B., 1931Loyola University New Orleans School of Law, J.D., 1934",District of Columbia
"McGowan, Carl E.","Dartmouth College, A.B., 1932Columbia Law School, LL.B., 1936",District of Columbia
"Tamm, Edward Allen","Georgetown College Law School (now Georgetown University Law Center), LL.B., 1930Suffolk University Law School, J.S.D., 1971",District of Columbia
"Leventhal, Harold","Columbia University, A.B., 1934Columbia Law School, LL.B., 1936",District of Columbia
"Robinson, Spottswood William III","Howard University School of Law, LL.B., 1939",District of Columbia
"MacKinnon, George Edward","University of Minnesota Law School, LL.B., 1929",District of Columbia
"Robb, Roger","Yale University, A.B., 1928Yale Law School, LL.B., 1931",District of Columbia
"Wilkey, Malcolm Richard","Harvard University, A.B., 1940Harvard Law School, LL.B., 1948",District of Columbia
"Wald, Patricia McGowan","Connecticut College for Women (now Connecticut College), B.A., 1948Yale Law School, LL.B., 1951",District of Columbia
"Mikva, Abner Joseph","University of Chicago Law School, J.D., 1951",District of Columbia
"Edwards, Harry Thomas","Cornell University, B.S., 1962University of Michigan Law School, J.D., 1965",District of Columbia
"Ginsburg, Ruth Bader","Cornell University, A.B., 1954Harvard Law SchoolColumbia Law School, LL.B., 1959",District of Columbia
"Bork, Robert Heron","University of Chicago, B.A., 1948University of Chicago Law School, J.D., 1953",District of Columbia
"Scalia, Antonin","Georgetown College (now Georgetown University), B.A., 1957Harvard Law School, LL.B., 1960",District of Columbia
"Starr, Kenneth Winston","George Washington University, A.B., 1968Brown University, M.A., 1969Duke University School of Law, J.D., 1973",District of Columbia
"Silberman, Laurence Hirsch","Dartmouth College, A.B., 1957Harvard Law School, LL.B., 1961",District of Columbia
"Buckley, James Lane","Yale University, B.A., 1943Yale Law School, LL.B., 1949",District of Columbia
"Williams, Stephen Fain","Yale University, B.A., 1958Harvard Law School, J.D., 1961",District of Columbia
"Ginsburg, Douglas Howard","Cornell University, B.S., 1970University of Chicago Law School, J.D., 1973",District of Columbia
"Sentelle, David Bryan","University of North Carolina, B.A., 1965University of North Carolina School of Law, J.D., 1968",District of Columbia
"Thomas, Clarence","College of the Holy Cross, B.A., 1971Yale Law School, J.D., 1974",District of Columbia
"Henderson, Karen LeCraft","Duke University, B.A., 1966University of North Carolina School of Law, J.D., 1969",District of Columbia
"Randolph, Arthur Raymond","Drexel University, B.S., 1966University of Pennsylvania Law School (now Carey Law School), J.D., 1969",District of Columbia
"Rogers, Judith Ann Wilson","Radcliffe College, A.B., 1961Harvard Law School, LL.B., 1964University of Virginia School of Law, LL.M., 1988",District of Columbia
"Tatel, David S.","University of Michigan, B.A., 1963University of Chicago Law School, J.D., 1966",District of Columbia
"Garland, Merrick B.","Harvard College, A.B., 1974Harvard Law School, J.D., 1977",District of Columbia
"Roberts, John Glover, Jr.","Harvard College, A.B., 1976Harvard Law School, J.D., 1979",District of Columbia
"Brown, Janice Rogers","California State University, Sacramento, B.A., 1974University of California, Los Angeles, School of Law, J.D., 1977University of Virginia School of Law, LL.M., 2004",District of Columbia
"Griffith, Thomas Beall","Brigham Young University, B.A., 1978University of Virginia School of Law, J.D., 1985",District of Columbia
"Kavanaugh, Brett M.","Yale College, B.A., 1987Yale Law School, J.D., 1990",District of Columbia
"Srinivasan, Srikanth","Stanford University, B.A., 1989Stanford Law School, J.D., 1995Stanford Graduate School of Business, M.B.A., 1995",District of Columbia
"Millett, Patricia Ann","University of Illinois, B.A., 1985Harvard Law School, J.D., 1988",District of Columbia
"Pillard, Cornelia Thayer Livingston","Yale College, B.A., 1983Harvard Law School, J.D., 1987",District of Columbia
"Wilkins, Robert Leon","Rose-Hulman Institute of Technology, B.S., 1986Harvard Law School, J.D., 1989",District of Columbia
"Katsas, Gregory George","Princeton University, A.B., 1986Harvard Law School, J.D., 1989",District of Columbia
"Rao, Neomi Jehangir","Yale University, B.A., 1995University of Chicago Law School, J.D., 1999Temple Bar Scholar, American Inns of Court, 2002",District of Columbia
"Walker, Justin Reed","Duke University, B.A., 2004Harvard Law School, J.D., 2009",District of Columbia
"Jackson, Ketanji Brown","Harvard University, B.A., 1992Harvard Law School, J.D., 1996",District of Columbia
"Laramore, Don Nelson",University of ChicagoIndiana Law School (now Indiana University McKinney School of Law),Federal
"Davis, Oscar Hirsh","Harvard University, A.B., 1934Columbia Law School, LL.B., 1937",Federal
"Nichols, Philip, Jr.","Harvard University, A.B., 1929Harvard Law School, J.D., 1932",Federal
"Smith, Edward Samuel","University of Virginia, B.A., 1941University of Virginia School of Law, J.D., 1947",Federal
"Miller, Jack Richard","Creighton University, A.B., 1938Catholic University of America, A.M., 1939Columbia Law School, J.D., 1946University of Iowa College of Law, 1946",Federal
"Bennett, Marion Tinsley","Southwest Missouri State University (now Missouri State University), A.B., 1935Washington University School of Law, J.D., 1938",Federal
"Rich, Giles Sutherland","Harvard College, B.S., 1926Columbia Law School, LL.B., 1929",Federal
"Friedman, Daniel Mortimer","Columbia University, A.B., 1937Columbia Law School, LL.B., 1940",Federal
"Skelton, Byron George","University of Texas, B.A., 1927University of Texas, M.A., 1928University of Texas School of Law, LL.B., 1931",Federal
"Nies, Helen Wilson","University of Michigan, B.A., 1946University of Michigan Law School, J.D., 1948",Federal
"Cowen, Arnold Wilson","University of Texas School of Law, LL.B., 1928",Federal
"Almond, James Lindsay, Jr.","University of Virginia School of Law, LL.B., 1923",Federal
"Baldwin, Phillip Benjamin","South Texas College of LawBaylor University School of LawNorth Texas State College (now University of North Texas), B.A., 1949",Federal
"Markey, Howard Thomas","Loyola University Chicago School of Law, LL.B., 1949John Marshall Law School (now UIC John Marshall Law School), LL.M., 1950",Federal
"Kashiwa, Shiro","University of Michigan, B.S., 1935University of Michigan Law School, J.D., 1936",Federal
"Newman, Pauline","Vassar College, B.A., 1947Columbia University, M.A., 1948Yale University, Ph.D., 1952New York University School of Law, LL.B., 1958",Federal
"Bissell, Jean Galloway","University of South Carolina, B.S., 1956University of South Carolina School of Law, LL.B., 1958",Federal
"Archer, Glenn Leroy, Jr.","Yale University, B.A., 1951George Washington University Law School, J.D., 1954",Federal
"Mayer, Haldane Robert","Judge Advocate General's Legal Center and SchoolU.S. Military Academy, B.S., 1963William and Mary Law School, J.D., 1971",Federal
"Michel, Paul Redmond","Williams College, A.B., 1963University of Virginia School of Law, J.D., 1966",Federal
"Plager, S. Jay","University of North Carolina, A.B., 1952University of Florida College of Law (now Fredric G. Levin College of Law), J.D., 1958Columbia Law School, LL.M., 1961",Federal
"Lourie, Alan David","Harvard College, A.B., 1956University of Wisconsin, M.S., 1958University of Pennsylvania, Ph.D., 1965Temple University School of Law (now James E. Beasley School of Law), J.D., 1970",Federal
"Clevenger, Raymond Charles III","Yale University, B.A., 1959Yale Law School, LL.B., 1966",Federal
"Rader, Randall Ray","Brigham Young University, B.A., 1974George Washington University Law School, J.D., 1978",Federal
"Schall, Alvin Anthony","Princeton University, B.A., 1966Tulane University Law School, J.D., 1969",Federal
"Bryson, William Curtis","Harvard University, A.B., 1969University of Texas School of Law, J.D., 1973",Federal
"Gajarsa, Arthur J.","Rensselaer Polytechnic Institute, B.S., 1962Catholic University of America, M.A., 1964Georgetown University Law Center, J.D., 1967",Federal
"Linn, Richard","Rensselaer Polytechnic Institute, B.E.E., 1965Georgetown University Law Center, J.D., 1969",Federal
"Dyk, Timothy B.","Harvard College, A.B., 1958Harvard Law School, J.D., 1961",Federal
"Prost, Sharon","Cornell University, B.S., 1973George Washington University, M.B.A., 1975American University, Washington College of Law, J.D., 1979George Washington University Law School, LL.M., 1984",Federal
"Moore, Kimberly Ann","Massachusetts Institute of Technology, B.S., 1990Massachusetts Institute of Technology, M.S., 1991Georgetown University Law Center, J.D., 1994",Federal
"O'Malley, Kathleen McDonald","Kenyon College, A.B., 1979Case Western Reserve University School of Law, J.D., 1982",Federal
"Reyna, Jimmie V.","University of Rochester, B.A., 1975University of New Mexico School of Law, J.D., 1978",Federal
"Wallach, Evan Jonathan","University of Arizona, B.A., 1973University of California, Berkeley, School of Law, J.D., 1976University of Cambridge Faculty of Law, LL.B., 1981",Federal
"Taranto, Richard Gary","Pomona College, B.A., 1977Yale Law School, J.D., 1981",Federal
"Chen, Raymond T.","University of California, Los Angeles, B.S., 1990New York University School of Law, J.D., 1994",Federal
"Hughes, Todd Michael","Harvard College, A.B., 1989Duke University, M.A., 1992Duke University School of Law, J.D., 1992",Federal
"Stoll, Kara Farnandez","Michigan State University, B.S.E.E., 1991Georgetown University Law Center, J.D., 1997",Federal
"Cunningham, Tiffany Patrice","Massachusetts Institute of Technology, S.B., 1998Harvard Law School, J.D., 2001",Federal